[
  {
    "dimension": {
      "f_135804_": "minecraft",
      "f_135805_": "overworld"
    },
    "id": "65618930-e230-44aa-8049-71f023e168ec",
    "ownerID": "c7192d11-3939-4d3c-905b-708a35597041",
    "pos": {
      "f_123285_": -4,
      "f_123286_": 70,
      "f_123289_": -220
    },
    "type": 0
  },
  {
    "dimension": {
      "f_135804_": "minecraft",
      "f_135805_": "overworld"
    },
    "id": "ccdc0c46-bd52-4bb2-95b2-8ed0ff35a27d",
    "ownerID": "c7192d11-3939-4d3c-905b-708a35597041",
    "pos": {
      "f_123285_": -60,
      "f_123286_": 72,
      "f_123289_": -266
    },
    "type": 0
  },
  {
    "dimension": {
      "f_135804_": "minecraft",
      "f_135805_": "overworld"
    },
    "id": "6f6b4333-9c48-4b8a-9164-da839e798cc0",
    "ownerID": "c7192d11-3939-4d3c-905b-708a35597041",
    "pos": {
      "f_123285_": 22,
      "f_123286_": 75,
      "f_123289_": -249
    },
    "type": 0
  },
  {
    "dimension": {
      "f_135804_": "minecraft",
      "f_135805_": "overworld"
    },
    "id": "4c73773b-601d-42fb-89d6-8c9a896664e9",
    "ownerID": "c7192d11-3939-4d3c-905b-708a35597041",
    "pos": {
      "f_123285_": 5,
      "f_123286_": 72,
      "f_123289_": -221
    },
    "type": 0
  },
  {
    "dimension": {
      "f_135804_": "minecraft",
      "f_135805_": "overworld"
    },
    "id": "d9352756-d56f-4417-9cb7-f213ba628661",
    "ownerID": "c7192d11-3939-4d3c-905b-708a35597041",
    "pos": {
      "f_123285_": 19,
      "f_123286_": 74,
      "f_123289_": -232
    },
    "type": 0
  },
  {
    "dimension": {
      "f_135804_": "minecraft",
      "f_135805_": "overworld"
    },
    "id": "f707f3e3-d5d0-40dd-8e76-e241d8171547",
    "ownerID": "c7192d11-3939-4d3c-905b-708a35597041",
    "pos": {
      "f_123285_": 12,
      "f_123286_": 71,
      "f_123289_": -221
    },
    "type": 0
  },
  {
    "dimension": {
      "f_135804_": "minecraft",
      "f_135805_": "overworld"
    },
    "id": "55c586cf-f4e0-43c3-af8a-d2beb846ef73",
    "ownerID": "c7192d11-3939-4d3c-905b-708a35597041",
    "pos": {
      "f_123285_": 13,
      "f_123286_": 71,
      "f_123289_": -227
    },
    "type": 0
  },
  {
    "dimension": {
      "f_135804_": "minecraft",
      "f_135805_": "overworld"
    },
    "id": "cba51aad-5073-4bbe-a7a2-aa2932eb3c0a",
    "ownerID": "c7192d11-3939-4d3c-905b-708a35597041",
    "pos": {
      "f_123285_": -47,
      "f_123286_": 72,
      "f_123289_": -233
    },
    "type": 0
  }
]