[
  {
    "dimension": {
      "f_135804_": "minecraft",
      "f_135805_": "overworld"
    },
    "id": "cede1916-5166-4164-9193-73b2ec42ab00",
    "ownerID": "c7192d11-3939-4d3c-905b-708a35597041",
    "pos": {
      "f_123285_": -53,
      "f_123286_": 45,
      "f_123289_": -285
    },
    "type": 0
  },
  {
    "dimension": {
      "f_135804_": "minecraft",
      "f_135805_": "overworld"
    },
    "id": "48eb3aa4-d9a0-4256-92ba-3340d9340b30",
    "ownerID": "c7192d11-3939-4d3c-905b-708a35597041",
    "pos": {
      "f_123285_": -98,
      "f_123286_": -36,
      "f_123289_": -286
    },
    "type": 0
  },
  {
    "dimension": {
      "f_135804_": "minecraft",
      "f_135805_": "overworld"
    },
    "id": "30308547-87b1-40fe-a5c0-9379f4deabef",
    "ownerID": "c7192d11-3939-4d3c-905b-708a35597041",
    "pos": {
      "f_123285_": -36,
      "f_123286_": 36,
      "f_123289_": -284
    },
    "type": 0
  }
]