{"stats":{"minecraft:used":{"farmersdelight:diamond_knife":66,"minecraft:stone_pickaxe":3336,"minecraft:chest":5,"minecraft:wooden_pickaxe":64,"minecraft:iron_sword":63,"minecraft:nether_wart":6,"minecraft:netherrack":15,"byg:embur_planks":48,"farmersdelight:ratatouille":12,"byg:embur_crafting_table":6,"minecraft:barrel":4,"minecraft:stone_axe":11,"minecraft:wooden_sword":63,"minecraft:bow":28,"minecraft:soul_soil":3,"byg:scoria_cobblestone":94},"minecraft:dropped":{"minecraft:soul_sand":64,"minecraft:blackstone":81,"minecraft:soul_soil":31,"ars_nouveau:source_berry":3,"alexsmobs:animal_dictionary":1,"minecraft:nether_brick":50,"minecraft:bowl":16,"byg:embur_slab":4,"immersive_armors:wooden_boots":2,"byg:embur_crafting_table":1,"farmersdelight:cabbage_seeds":3,"minecraft:iron_boots":1,"minecraft:glowstone_dust":21,"minecraft:nether_bricks":2,"byg:emeraldite_shards":3,"patchouli:guide_book":3,"nethersdelight:propelpearl":12,"minecraft:stick":2,"ars_nouveau:worn_notebook":1,"byg:embur_gel_branch":31,"byg:embur_planks":9,"forbidden_arcanus:spawner_scrap":1,"minecraft:wooden_sword":2,"minecraft:gold_nugget":6,"minecraft:stone_pickaxe":9,"byg:embur_gel_ball":3,"minecraft:netherrack":46,"byg:scoria_cobblestone":2041,"minecraft:gold_ingot":217,"quark:ancient_tome":1,"byg:biomepedia":1,"minecraft:enchanted_book":1,"farmersdelight:tomato_seeds":10},"minecraft:custom":{"enigmaticlegacy:play_time_with_seven_curses":0,"lootr:looted_stat":5,"minecraft:mob_kills":8,"enigmaticlegacy:play_time_without_seven_curses":124694,"minecraft:interact_with_crafting_table":27,"minecraft:open_barrel":3,"goblintraders:trade_with_goblin":3,"minecraft:damage_dealt_resisted":0,"minecraft:leave_game":2,"minecraft:time_since_death":124694,"minecraft:damage_resisted":0,"minecraft:time_since_rest":124694,"minecraft:sprint_one_cm":215104,"minecraft:damage_taken":632,"minecraft:walk_one_cm":261344,"minecraft:drop":336,"minecraft:damage_dealt":7843,"minecraft:damage_dealt_absorbed":104,"minecraft:fly_one_cm":206915,"minecraft:open_chest":39,"minecraft:crouch_one_cm":23005,"minecraft:play_time":124694,"minecraft:sneak_time":11261,"minecraft:interact_with_brewingstand":1,"minecraft:jump":1716,"minecraft:total_world_time":124694,"minecraft:fall_one_cm":43269},"minecraft:broken":{"minecraft:stone_pickaxe":24,"minecraft:wooden_pickaxe":1},"minecraft:crafted":{"minecraft:nether_wart":6,"minecraft:coal":99,"byg:embur_planks":132,"minecraft:barrel":3,"minecraft:emerald":2,"byg:embur_slab":12,"minecraft:air":0,"minecraft:stick":72,"minecraft:iron_ingot":2,"minecraft:stone_pickaxe":34,"minecraft:chest":3,"minecraft:gold_ingot":87},"minecraft:mined":{"minecraft:nether_gold_ore":216,"minecraft:chiseled_nether_bricks":1,"minecraft:gray_concrete":1,"byg:scoria_cobblestone":23,"byg:green_mushroom_block":1,"minecraft:blackstone":11,"minecraft:soul_sand":52,"minecraft:soul_fire":9,"minecraft:red_nether_bricks":1,"minecraft:brewing_stand":1,"minecraft:nether_bricks":17,"minecraft:chest":1,"minecraft:nether_brick_slab":3,"minecraft:nether_quartz_ore":9,"minecraft:soul_soil":231,"minecraft:coal_block":15,"minecraft:cracked_nether_bricks":1,"minecraft:spawner":2,"minecraft:polished_blackstone_bricks":1,"byg:scoria_stone":2644,"minecraft:glowstone":56,"minecraft:fire":1,"minecraft:barrel":4,"byg:embur_crafting_table":5,"minecraft:nether_brick_fence":1,"minecraft:lime_terracotta":2,"byg:embur_gel_block":9,"byg:embur_pedu":87,"minecraft:red_mushroom_block":1,"byg:emeraldite_ore":19,"minecraft:netherrack":359},"minecraft:killed":{"minecraft:magma_cube":3,"majruszsdifficulty:cursed_armor":1,"minecraft:wither_skeleton":2,"minecraft:blaze":1},"minecraft:picked_up":{"majruszsaccessories:tool_scraps":1,"minecraft:leather_leggings":1,"minecraft:nether_brick_fence":1,"minecraft:leather":7,"nethersdelight:propelpearl":12,"byg:embur_gel_branch":31,"minecraft:enchanted_book":1,"minecraft:potion":4,"minecraft:nether_brick":50,"minecraft:brewing_stand":1,"byg:emeraldite_shards":19,"minecraft:string":11,"minecraft:soul_soil":101,"minecraft:wooden_sword":1,"minecraft:bone":3,"byg:scoria_cobblestone":2325,"minecraft:blackstone":81,"minecraft:gold_nugget":734,"majruszsaccessories:onyx":1,"minecraft:stone_pickaxe":3,"minecraft:iron_nugget":18,"minecraft:glowstone_dust":85,"byg:embur_crafting_table":5,"minecraft:coal_block":11,"minecraft:chest":1,"minecraft:soul_sand":64,"minecraft:iron_boots":2,"apotheosis:gem":12,"bygonenether:cobbled_blackstone":11,"minecraft:cracked_nether_bricks":1,"minecraft:quartz":11,"minecraft:bowl":6,"minecraft:gravel":47,"minecraft:fire_charge":7,"minecraft:polished_blackstone_bricks":1,"minecraft:nether_brick_slab":2,"minecraft:crying_obsidian":13,"minecraft:spectral_arrow":47,"minecraft:barrel":4,"byg:embur_pedu":87,"minecraft:nether_bricks":6,"byg:embur_gel_ball":6,"minecraft:gold_ingot":123,"minecraft:netherrack":139,"minecraft:obsidian":8,"immersive_armors:wooden_boots":1,"forbidden_arcanus:spawner_scrap":2,"minecraft:ender_pearl":12,"iter_rpg:spawner_fragment":2,"byg:embur_planks":1}},"DataVersion":3120}