{"stats":{"minecraft:picked_up":{"minecraft:nether_brick_fence":18,"minecraft:enchanted_book":1,"minecraft:potion":9,"minecraft:golden_shovel":1,"minecraft:gilded_blackstone":4,"minecraft:nether_brick":50,"minecraft:brewing_stand":2,"forbidden_arcanus:xpetrified_orb":1,"minecraft:polished_blackstone_brick_stairs":3,"minecraft:string":29,"minecraft:soul_soil":166,"minecraft:red_nether_bricks":3,"minecraft:experience_bottle":1,"minecraft:gold_nugget":745,"minecraft:cobbled_deepslate":8,"minecraft:bucket":1,"minecraft:black_glazed_terracotta":64,"twigs:pebble":19,"minecraft:light_weighted_pressure_plate":1,"minecraft:redstone_torch":2,"minecraft:iron_pickaxe":1,"minecraft:coal_block":11,"byg:embur_crafting_table":10,"minecraft:iron_boots":2,"minecraft:golden_helmet":2,"minecraft:stick":18,"apotheosis:gem":14,"minecraft:torch":2,"minecraft:green_terracotta":3,"minecraft:chiseled_nether_bricks":2,"minecraft:stone_sword":3,"minecraft:blackstone_wall":2,"minecraft:polished_basalt":1,"minecraft:iron_block":2,"byg:embur_gel_ball":6,"minecraft:cyan_terracotta":76,"minecraft:blaze_rod":7,"minecraft:obsidian":8,"minecraft:iron_bars":4,"minecraft:cobblestone":149,"majruszsaccessories:tool_scraps":2,"minecraft:magma_block":2,"minecraft:andesite":72,"delightful:animal_fat":11,"minecraft:golden_leggings":1,"byg:embur_gel_branch":31,"minecraft:flint":1,"minecraft:tuff":40,"byg:emeraldite_shards":19,"minecraft:gray_concrete":8,"minecraft:dirt":2,"minecraft:lantern":2,"minecraft:bone":24,"minecraft:chipped_anvil":1,"majruszsaccessories:onyx":1,"minecraft:glowstone_dust":85,"minecraft:lime_terracotta":10,"minecraft:nether_brick_stairs":2,"minecraft:spectral_arrow":47,"minecraft:barrel":4,"irons_spellbooks:blaze_spell_book":1,"minecraft:slime_block":15,"minecraft:polished_blackstone_pressure_plate":1,"minecraft:netherrack":842,"byg:embur_planks":7,"iter_rpg:spawner_fragment":3,"byg:soapstone":8,"minecraft:nether_wart":9,"minecraft:leather_leggings":4,"nethersdelight:propelpearl":12,"minecraft:gold_block":1,"minecraft:shield":1,"minecraft:wooden_sword":3,"ringsofascension:ring_fire_resistance":1,"minecraft:blackstone":81,"minecraft:iron_nugget":18,"minecraft:chest":1,"minecraft:raw_iron":1,"bygonenether:cobbled_blackstone":21,"minecraft:bowl":12,"minecraft:fire_charge":7,"minecraft:polished_blackstone_bricks":4,"minecraft:redstone":1,"majruszsaccessories:lucky_rock":2,"minecraft:nether_bricks":105,"sophisticatedbackpacks:copper_backpack":1,"minecraft:yellow_terracotta":10,"byg:blue_netherrack":106,"minecraft:saddle":1,"minecraft:gold_ingot":123,"minecraft:polished_blackstone":12,"minecraft:nether_brick_wall":3,"forbidden_arcanus:spawner_scrap":5,"minecraft:basalt":254,"minecraft:tripwire_hook":1,"minecraft:leather":7,"minecraft:red_mushroom":1,"iter_rpg:magmanum_chunk":9,"byg:scoria_cobblestone":2441,"minecraft:red_nether_brick_stairs":7,"minecraft:stone_pickaxe":3,"minecraft:cobweb":12,"apotheosis:gem_dust":2,"minecraft:soul_sand":64,"minecraft:quartz":13,"minecraft:cracked_nether_bricks":17,"minecraft:gravel":66,"minecraft:blast_furnace":1,"minecraft:nether_brick_slab":3,"minecraft:crying_obsidian":13,"byg:embur_pedu":90,"minecraft:stone_axe":1,"minecraft:iron_helmet":1,"immersive_armors:wooden_chestplate":1,"immersive_armors:wooden_boots":1,"minecraft:coal":9,"minecraft:ender_pearl":12},"minecraft:mined":{"byg:green_mushroom_block":1,"minecraft:red_nether_bricks":6,"minecraft:brewing_stand":2,"minecraft:granite":1,"minecraft:cracked_polished_blackstone_bricks":1,"minecraft:soul_soil":296,"minecraft:coal_block":15,"minecraft:polished_blackstone_brick_slab":1,"minecraft:polished_blackstone_pressure_plate":1,"minecraft:nether_wart":7,"minecraft:spawner":5,"minecraft:gilded_blackstone":4,"minecraft:tall_seagrass":3,"minecraft:polished_blackstone_bricks":9,"minecraft:magma_block":3,"iter_rpg:netherrack_geodite":1,"minecraft:glowstone":56,"minecraft:red_nether_brick_stairs":10,"minecraft:iron_ore":1,"minecraft:barrel":4,"minecraft:fire":19,"byg:embur_crafting_table":10,"minecraft:nether_brick_stairs":6,"minecraft:iron_bars":4,"minecraft:iron_block":2,"minecraft:polished_blackstone_wall":1,"minecraft:cyan_terracotta":56,"minecraft:blackstone":46,"minecraft:soul_fire":12,"minecraft:torch":1,"minecraft:blast_furnace":1,"minecraft:chest":1,"minecraft:nether_brick_slab":4,"minecraft:nether_quartz_ore":11,"minecraft:slime_block":16,"byg:embur_planks":5,"minecraft:iron_door":2,"minecraft:light_weighted_pressure_plate":1,"byg:soapstone":8,"bygonenether:cobbled_blackstone":2,"minecraft:blue_ice":1,"minecraft:lime_terracotta":10,"minecraft:sand":5,"minecraft:dirt":2,"minecraft:smooth_basalt":6,"twigs:rhyolite":7,"minecraft:red_mushroom_block":1,"minecraft:netherrack":1213,"minecraft:deepslate":9,"minecraft:yellow_terracotta":16,"minecraft:nether_gold_ore":218,"minecraft:tuff":20,"byg:scoria_cobblestone":23,"minecraft:blackstone_wall":2,"minecraft:nether_brick_wall":3,"minecraft:nether_bricks":131,"minecraft:ladder":2,"iter_rpg:magmanum_ore":8,"minecraft:cracked_nether_bricks":22,"byg:blue_netherrack":69,"minecraft:black_glazed_terracotta":65,"minecraft:polished_basalt":1,"minecraft:andesite":75,"minecraft:green_terracotta":6,"minecraft:gold_block":1,"minecraft:nether_brick_fence":15,"minecraft:stone":163,"byg:emeraldite_ore":19,"minecraft:redstone_wall_torch":1,"minecraft:gray_concrete":6,"minecraft:chiseled_nether_bricks":5,"minecraft:soul_sand":52,"minecraft:basalt":319,"minecraft:polished_blackstone_brick_wall":6,"minecraft:polished_blackstone_brick_stairs":6,"byg:scoria_stone":2732,"forbidden_arcanus:xpetrified_ore":1,"minecraft:polished_blackstone_stairs":1,"minecraft:ice":6,"minecraft:coal_ore":1,"byg:embur_gel_block":9,"minecraft:gravel":21,"minecraft:cobweb":20,"byg:embur_pedu":90,"minecraft:polished_blackstone":20,"minecraft:chipped_anvil":1},"minecraft:broken":{"minecraft:iron_boots":1,"minecraft:stone_pickaxe":26,"minecraft:wooden_pickaxe":2,"immersive_armors:wooden_helmet":1,"minecraft:iron_pickaxe":5},"minecraft:used":{"minecraft:nether_brick_fence":4,"minecraft:polished_blackstone":6,"minecraft:chest":5,"minecraft:shield":11,"minecraft:iron_sword":63,"minecraft:nether_wart":6,"minecraft:red_nether_brick_stairs":1,"minecraft:nether_bricks":27,"byg:embur_planks":135,"minecraft:obsidian":30,"minecraft:cyan_terracotta":33,"minecraft:lava_bucket":25,"ars_nouveau:source_berry":6,"minecraft:bow":40,"bygonenether:cobbled_blackstone":7,"minecraft:stone_pickaxe":3686,"minecraft:wooden_pickaxe":131,"minecraft:golden_apple":3,"minecraft:yellow_terracotta":2,"minecraft:gray_concrete":4,"minecraft:redstone_torch":1,"farmersdelight:ratatouille":16,"easy_villagers:villager":1,"minecraft:crying_obsidian":1,"minecraft:gravel":6,"minecraft:wooden_sword":63,"minecraft:andesite":21,"minecraft:cobweb":3,"forbidden_arcanus:reinforced_deorum_sword":20,"farmersdelight:diamond_knife":752,"minecraft:flint_and_steel":3,"minecraft:netherrack":187,"byg:embur_pedu":3,"minecraft:nether_brick_slab":1,"minecraft:golden_shovel":13,"byg:embur_crafting_table":16,"simplyswords:diamond_greathammer":60,"minecraft:barrel":4,"minecraft:basalt":1,"byg:blue_netherrack":5,"minecraft:soul_soil":38,"comforts:sleeping_bag_white":1,"minecraft:red_nether_bricks":1,"minecraft:polished_blackstone_bricks":2,"minecraft:lime_terracotta":3,"minecraft:white_bed":1,"farmersdelight:bacon_and_eggs":16,"minecraft:iron_pickaxe":1709,"minecraft:cracked_nether_bricks":8,"minecraft:stone_axe":19,"minecraft:cobblestone":1,"minecraft:cooked_porkchop":11,"byg:scoria_cobblestone":96,"minecraft:bucket":25},"minecraft:dropped":{"minecraft:nether_brick_stairs":2,"byg:biomepedia":1,"minecraft:soul_sand":64,"byg:embur_slab":4,"minecraft:lime_terracotta":6,"minecraft:lantern":2,"minecraft:iron_horse_armor":2,"minecraft:saddle":2,"minecraft:red_mushroom":1,"nethersdelight:propelpearl":12,"minecraft:flint":1,"twigs:pebble":19,"minecraft:cyan_terracotta":62,"minecraft:dirt":2,"minecraft:gray_concrete":2,"minecraft:polished_blackstone_pressure_plate":1,"minecraft:polished_blackstone_brick_stairs":3,"byg:embur_gel_branch":31,"minecraft:gold_nugget":17,"minecraft:wooden_sword":4,"byg:embur_gel_ball":3,"minecraft:iron_pickaxe":1,"immersive_armors:wooden_chestplate":1,"byg:scoria_cobblestone":2155,"quark:ancient_tome":1,"minecraft:gold_ingot":217,"minecraft:bone":3,"minecraft:gravel":13,"minecraft:stone_axe":1,"ringsofascension:ring_fire_resistance":1,"minecraft:blackstone":81,"minecraft:golden_chestplate":2,"alexsmobs:animal_dictionary":1,"minecraft:cobbled_deepslate":8,"minecraft:nether_brick":59,"immersive_armors:wooden_boots":2,"minecraft:glowstone_dust":21,"minecraft:blaze_powder":1,"minecraft:golden_shovel":2,"minecraft:nether_brick_fence":12,"patchouli:guide_book":3,"minecraft:leather_leggings":2,"minecraft:basalt":200,"minecraft:arrow":6,"minecraft:cracked_nether_bricks":7,"majruszsaccessories:lucky_rock":1,"minecraft:netherrack":444,"minecraft:enchanted_book":1,"farmersdelight:tomato_seeds":10,"minecraft:chiseled_nether_bricks":2,"minecraft:golden_helmet":4,"minecraft:polished_blackstone":6,"minecraft:golden_horse_armor":2,"byg:embur_crafting_table":1,"minecraft:iron_helmet":1,"minecraft:golden_axe":1,"minecraft:yellow_terracotta":2,"minecraft:cobblestone":84,"minecraft:nether_brick_wall":2,"byg:emeraldite_shards":3,"minecraft:coal":4,"minecraft:stick":20,"minecraft:cobweb":18,"ars_nouveau:worn_notebook":1,"minecraft:torch":16,"byg:soapstone":8,"forbidden_arcanus:spawner_scrap":1,"minecraft:potion":17,"minecraft:polished_basalt":1,"minecraft:string":1,"minecraft:tripwire_hook":1,"minecraft:bucket":1,"minecraft:redstone":37,"minecraft:soul_soil":61,"ars_nouveau:source_berry":3,"minecraft:stone_sword":4,"minecraft:bowl":32,"majruszsaccessories:tool_scraps":1,"minecraft:tuff":40,"farmersdelight:cabbage_seeds":3,"minecraft:iron_boots":1,"minecraft:nether_bricks":48,"minecraft:red_nether_brick_stairs":6,"byg:blue_netherrack":78,"minecraft:shield":2,"minecraft:diamond_chestplate":1,"byg:embur_planks":15,"minecraft:andesite":51,"minecraft:golden_leggings":2,"minecraft:golden_sword":4,"minecraft:redstone_torch":5,"minecraft:bow":1,"minecraft:stone_pickaxe":9,"minecraft:wooden_pickaxe":1,"delightful:animal_fat":11,"minecraft:magma_block":2},"minecraft:crafted":{"minecraft:barrel":3,"byg:embur_slab":12,"minecraft:chest":3,"byg:embur_planks":236,"minecraft:emerald":2,"minecraft:stick":80,"minecraft:iron_ingot":2,"minecraft:gold_ingot":87,"minecraft:nether_wart":6,"minecraft:coal":99,"minecraft:stone_pickaxe":34,"minecraft:air":0,"minecraft:white_wool":2},"minecraft:killed":{"minecraft:magma_cube":9,"minecraft:piglin":2,"alexsmobs:crimson_mosquito":3,"undead_unleashed:haunter":1,"minecraft:blaze":16,"majruszsdifficulty:cursed_armor":2,"minecraft:wither_skeleton":12},"minecraft:killed_by":{"minecraft:piglin_brute":1,"minecraft:wither_skeleton":3,"majruszsdifficulty:cursed_armor":1},"minecraft:custom":{"enigmaticlegacy:play_time_with_seven_curses":0,"lootr:looted_stat":60,"minecraft:interact_with_crafting_table":46,"minecraft:open_barrel":8,"goblintraders:trade_with_goblin":3,"minecraft:leave_game":4,"minecraft:time_since_death":22119,"minecraft:damage_resisted":0,"minecraft:sprint_one_cm":625687,"minecraft:damage_blocked_by_shield":1279,"minecraft:drop":545,"minecraft:play_time":355912,"minecraft:deaths":5,"minecraft:interact_with_brewingstand":13,"minecraft:jump":4241,"minecraft:walk_on_water_one_cm":11467,"minecraft:interact_with_furnace":1,"minecraft:sleep_in_bed":1,"minecraft:damage_dealt":51956,"minecraft:crouch_one_cm":105149,"minecraft:mob_kills":46,"minecraft:damage_dealt_resisted":67,"minecraft:climb_one_cm":7102,"minecraft:walk_one_cm":922572,"minecraft:damage_dealt_absorbed":3369,"minecraft:sneak_time":35890,"minecraft:walk_under_water_one_cm":4844,"minecraft:interact_with_blast_furnace":2,"minecraft:total_world_time":355912,"enigmaticlegacy:play_time_without_seven_curses":355629,"minecraft:time_since_rest":22143,"minecraft:damage_taken":8453,"minecraft:damage_absorbed":80,"minecraft:swim_one_cm":6029,"minecraft:fly_one_cm":441655,"minecraft:open_chest":46,"minecraft:fall_one_cm":109355}},"DataVersion":3120}