{"stats":{"minecraft:custom":{"enigmaticlegacy:play_time_with_seven_curses":0,"lootr:looted_stat":69,"minecraft:interact_with_crafting_table":47,"minecraft:open_barrel":17,"goblintraders:trade_with_goblin":3,"minecraft:eat_cake_slice":13,"minecraft:leave_game":6,"minecraft:time_since_death":41521,"minecraft:damage_resisted":0,"minecraft:sprint_one_cm":792532,"minecraft:damage_blocked_by_shield":1913,"minecraft:drop":574,"minecraft:play_time":453911,"minecraft:deaths":8,"minecraft:jump":5013,"minecraft:interact_with_brewingstand":13,"minecraft:walk_on_water_one_cm":11467,"minecraft:interact_with_furnace":3,"minecraft:sleep_in_bed":1,"minecraft:damage_dealt":67138,"minecraft:crouch_one_cm":203287,"minecraft:mob_kills":60,"minecraft:damage_dealt_resisted":67,"minecraft:climb_one_cm":16574,"minecraft:walk_one_cm":1105410,"minecraft:damage_dealt_absorbed":3802,"minecraft:sneak_time":67479,"minecraft:walk_under_water_one_cm":4844,"minecraft:interact_with_blast_furnace":2,"minecraft:total_world_time":453911,"enigmaticlegacy:play_time_without_seven_curses":453509,"minecraft:time_since_rest":41545,"minecraft:damage_taken":12095,"minecraft:damage_absorbed":80,"minecraft:swim_one_cm":6029,"minecraft:fly_one_cm":495644,"minecraft:open_chest":51,"minecraft:fall_one_cm":137979},"minecraft:broken":{"minecraft:iron_boots":1,"minecraft:stone_pickaxe":26,"minecraft:wooden_pickaxe":2,"immersive_armors:wooden_helmet":1,"minecraft:leather_boots":1,"minecraft:iron_pickaxe":6,"minecraft:golden_pickaxe":1},"minecraft:killed":{"minecraft:piglin_brute":2,"minecraft:magma_cube":9,"minecraft:piglin":2,"alexsmobs:crimson_mosquito":3,"undead_unleashed:haunter":1,"minecraft:blaze":26,"majruszsdifficulty:cursed_armor":2,"minecraft:wither_skeleton":14},"minecraft:killed_by":{"minecraft:piglin_brute":3,"minecraft:wither_skeleton":4,"majruszsdifficulty:cursed_armor":1},"minecraft:crafted":{"minecraft:barrel":3,"byg:embur_slab":12,"minecraft:chest":3,"byg:embur_planks":236,"minecraft:emerald":2,"minecraft:stick":80,"minecraft:iron_ingot":2,"minecraft:gold_ingot":96,"minecraft:nether_wart":6,"minecraft:coal":99,"minecraft:stone_pickaxe":34,"minecraft:crimson_planks":60,"minecraft:air":0,"minecraft:white_wool":2},"minecraft:picked_up":{"minecraft:nether_brick_fence":18,"minecraft:enchanted_book":3,"minecraft:potion":9,"minecraft:golden_shovel":1,"minecraft:gilded_blackstone":4,"minecraft:nether_brick":53,"minecraft:brewing_stand":2,"forbidden_arcanus:xpetrified_orb":1,"minecraft:polished_blackstone_brick_stairs":22,"minecraft:string":41,"minecraft:soul_soil":166,"minecraft:red_nether_bricks":3,"minecraft:iron_leggings":2,"minecraft:experience_bottle":1,"minecraft:gold_nugget":745,"minecraft:cobbled_deepslate":21,"minecraft:bucket":1,"minecraft:black_glazed_terracotta":64,"twigs:pebble":35,"minecraft:light_weighted_pressure_plate":1,"minecraft:redstone_torch":2,"minecraft:iron_pickaxe":1,"minecraft:polished_blackstone_brick_slab":6,"byg:embur_crafting_table":11,"minecraft:coal_block":11,"minecraft:crimson_pressure_plate":1,"minecraft:iron_boots":2,"minecraft:golden_helmet":2,"minecraft:stick":18,"apotheosis:gem":14,"minecraft:polished_blackstone_stairs":9,"minecraft:torch":2,"twigs:silt_ball":8,"minecraft:green_terracotta":3,"minecraft:cauldron":1,"minecraft:chiseled_nether_bricks":3,"minecraft:stone_sword":3,"minecraft:blackstone_wall":5,"minecraft:polished_basalt":3,"minecraft:iron_block":16,"byg:embur_gel_ball":6,"minecraft:cyan_terracotta":76,"minecraft:blaze_rod":11,"minecraft:obsidian":8,"minecraft:iron_bars":4,"minecraft:cobblestone":198,"majruszsaccessories:tool_scraps":2,"minecraft:magma_block":2,"minecraft:iron_door":1,"minecraft:andesite":94,"delightful:animal_fat":11,"minecraft:golden_leggings":1,"minecraft:copper_block":8,"byg:embur_gel_branch":31,"minecraft:flint":1,"minecraft:tuff":40,"byg:emeraldite_shards":19,"minecraft:gray_concrete":8,"minecraft:dirt":6,"minecraft:lantern":2,"minecraft:bone":29,"minecraft:chipped_anvil":1,"majruszsaccessories:onyx":1,"minecraft:glowstone_dust":85,"minecraft:chiseled_polished_blackstone":2,"minecraft:lime_terracotta":12,"minecraft:polished_blackstone_slab":4,"minecraft:nether_brick_stairs":2,"sophisticatedbackpacks:iron_backpack":1,"minecraft:spectral_arrow":47,"minecraft:barrel":4,"irons_spellbooks:blaze_spell_book":1,"minecraft:slime_block":15,"minecraft:polished_blackstone_pressure_plate":1,"minecraft:soul_lantern":2,"minecraft:crossbow":1,"minecraft:netherrack":860,"cisco_mod:brightsteel_ingot":1,"byg:embur_planks":7,"iter_rpg:spawner_fragment":3,"byg:soapstone":24,"minecraft:nether_wart":9,"minecraft:brown_mushroom":2,"minecraft:leather_leggings":4,"nethersdelight:propelpearl":12,"minecraft:gold_block":26,"quark:orange_shard":2,"minecraft:shield":1,"minecraft:wooden_sword":3,"ringsofascension:ring_fire_resistance":1,"minecraft:polished_blackstone_wall":1,"quark:yellow_shard":3,"minecraft:blackstone":89,"minecraft:iron_nugget":18,"minecraft:chest":1,"minecraft:raw_iron":1,"bygonenether:cobbled_blackstone":25,"minecraft:bowl":12,"minecraft:fire_charge":7,"minecraft:polished_blackstone_bricks":21,"minecraft:redstone":1,"minecraft:arrow":7,"majruszsaccessories:lucky_rock":2,"minecraft:nether_bricks":109,"minecraft:yellow_terracotta":11,"minecraft:saddle":1,"sophisticatedbackpacks:copper_backpack":1,"byg:blue_netherrack":106,"minecraft:gold_ingot":123,"minecraft:polished_blackstone":33,"minecraft:nether_brick_wall":3,"forbidden_arcanus:spawner_scrap":5,"minecraft:basalt":501,"minecraft:crimson_stem":19,"minecraft:tripwire_hook":1,"minecraft:leather":7,"minecraft:red_mushroom":1,"iter_rpg:magmanum_chunk":9,"byg:scoria_cobblestone":2465,"minecraft:red_nether_brick_stairs":7,"minecraft:stone_pickaxe":3,"minecraft:cobweb":14,"apotheosis:gem_dust":2,"minecraft:soul_sand":64,"minecraft:scaffolding":1,"minecraft:smooth_basalt":25,"minecraft:quartz":32,"minecraft:cracked_nether_bricks":17,"minecraft:raw_iron_block":4,"minecraft:gravel":74,"minecraft:blast_furnace":1,"minecraft:nether_brick_slab":4,"minecraft:crying_obsidian":13,"byg:embur_pedu":90,"minecraft:stone_axe":1,"immersive_armors:wooden_chestplate":1,"minecraft:iron_helmet":1,"minecraft:polished_blackstone_brick_wall":3,"minecraft:red_nether_brick_slab":2,"immersive_armors:wooden_boots":1,"minecraft:coal":10,"minecraft:ender_pearl":12},"minecraft:dropped":{"minecraft:nether_brick_stairs":2,"byg:biomepedia":1,"minecraft:soul_sand":64,"byg:embur_slab":4,"minecraft:lime_terracotta":6,"minecraft:lantern":2,"minecraft:saddle":2,"minecraft:iron_horse_armor":2,"minecraft:polished_blackstone_brick_wall":1,"minecraft:red_mushroom":1,"nethersdelight:propelpearl":12,"minecraft:flint":1,"minecraft:cyan_terracotta":62,"twigs:pebble":35,"minecraft:dirt":4,"minecraft:gray_concrete":2,"minecraft:polished_blackstone_pressure_plate":1,"minecraft:polished_blackstone_brick_stairs":3,"byg:embur_gel_branch":31,"minecraft:gold_nugget":17,"minecraft:wooden_sword":4,"minecraft:polished_blackstone_bricks":2,"immersive_armors:wooden_chestplate":1,"byg:embur_gel_ball":3,"minecraft:iron_pickaxe":1,"byg:scoria_cobblestone":2155,"minecraft:gold_ingot":217,"quark:ancient_tome":1,"minecraft:bone":3,"minecraft:gravel":17,"ringsofascension:ring_fire_resistance":1,"minecraft:stone_axe":1,"minecraft:blackstone":81,"minecraft:golden_chestplate":2,"alexsmobs:animal_dictionary":1,"minecraft:cobbled_deepslate":8,"minecraft:nether_brick":59,"immersive_armors:wooden_boots":2,"minecraft:glowstone_dust":21,"minecraft:blaze_powder":1,"minecraft:golden_shovel":2,"minecraft:nether_brick_fence":12,"patchouli:guide_book":3,"minecraft:leather_leggings":2,"minecraft:basalt":200,"minecraft:arrow":6,"minecraft:cracked_nether_bricks":7,"majruszsaccessories:lucky_rock":1,"minecraft:netherrack":452,"minecraft:crimson_planks":1,"farmersdelight:tomato_seeds":10,"minecraft:enchanted_book":1,"minecraft:crimson_pressure_plate":1,"minecraft:chiseled_nether_bricks":2,"minecraft:golden_helmet":4,"minecraft:polished_blackstone":7,"minecraft:golden_horse_armor":2,"byg:embur_crafting_table":1,"minecraft:yellow_terracotta":3,"minecraft:cobblestone":84,"minecraft:golden_axe":1,"minecraft:iron_helmet":1,"minecraft:nether_brick_wall":2,"byg:emeraldite_shards":3,"minecraft:coal":4,"minecraft:polished_blackstone_stairs":1,"minecraft:stick":20,"bygonenether:cobbled_blackstone":3,"minecraft:cobweb":18,"ars_nouveau:worn_notebook":1,"twigs:silt_ball":4,"minecraft:torch":16,"minecraft:blackstone_wall":2,"byg:soapstone":16,"forbidden_arcanus:spawner_scrap":1,"minecraft:potion":17,"minecraft:iron_leggings":2,"minecraft:polished_basalt":1,"minecraft:tripwire_hook":1,"minecraft:string":1,"minecraft:bucket":1,"minecraft:redstone":37,"minecraft:soul_soil":61,"ars_nouveau:source_berry":3,"minecraft:stone_sword":4,"minecraft:bowl":32,"majruszsaccessories:tool_scraps":1,"minecraft:tuff":40,"farmersdelight:cabbage_seeds":3,"minecraft:iron_boots":1,"quark:orange_shard":2,"minecraft:nether_bricks":48,"minecraft:red_nether_brick_stairs":6,"byg:blue_netherrack":78,"minecraft:shield":2,"minecraft:diamond_chestplate":1,"byg:embur_planks":15,"minecraft:andesite":62,"minecraft:golden_leggings":2,"minecraft:golden_sword":4,"minecraft:redstone_torch":5,"minecraft:bow":1,"minecraft:stone_pickaxe":9,"minecraft:wooden_pickaxe":1,"delightful:animal_fat":11,"minecraft:magma_block":2},"minecraft:used":{"minecraft:nether_brick_fence":4,"minecraft:polished_blackstone":16,"minecraft:chest":5,"minecraft:shield":12,"minecraft:iron_sword":63,"minecraft:nether_wart":6,"minecraft:red_nether_brick_stairs":1,"minecraft:nether_bricks":31,"byg:embur_planks":135,"minecraft:obsidian":40,"minecraft:polished_blackstone_slab":4,"minecraft:cyan_terracotta":33,"minecraft:lava_bucket":31,"ars_nouveau:source_berry":6,"minecraft:bow":40,"minecraft:polished_blackstone_stairs":6,"bygonenether:cobbled_blackstone":11,"minecraft:chiseled_polished_blackstone":2,"minecraft:stone_pickaxe":3686,"minecraft:leather_chestplate":1,"minecraft:wooden_pickaxe":131,"minecraft:golden_apple":3,"minecraft:yellow_terracotta":2,"minecraft:crossbow":20,"minecraft:blackstone_wall":1,"minecraft:gray_concrete":4,"minecraft:shears":2,"minecraft:redstone_torch":1,"farmersdelight:ratatouille":16,"easy_villagers:villager":1,"minecraft:crying_obsidian":5,"minecraft:gravel":10,"minecraft:wooden_sword":63,"minecraft:andesite":32,"minecraft:golden_pickaxe":86,"minecraft:cobweb":3,"forbidden_arcanus:reinforced_deorum_sword":229,"farmersdelight:diamond_knife":752,"minecraft:flint_and_steel":3,"minecraft:netherrack":187,"minecraft:torch":1,"minecraft:dirt":2,"minecraft:nether_brick_slab":2,"byg:embur_pedu":3,"minecraft:golden_shovel":13,"byg:embur_crafting_table":17,"simplyswords:diamond_greathammer":60,"minecraft:crimson_planks":59,"minecraft:barrel":4,"minecraft:smooth_basalt":9,"minecraft:basalt":142,"byg:blue_netherrack":5,"minecraft:soul_soil":38,"comforts:sleeping_bag_white":1,"minecraft:cobbled_deepslate":13,"minecraft:crimson_stem":4,"minecraft:red_nether_bricks":1,"minecraft:chiseled_nether_bricks":1,"minecraft:leather_boots":1,"minecraft:polished_blackstone_bricks":10,"minecraft:lime_terracotta":3,"minecraft:white_bed":1,"farmersdelight:bacon_and_eggs":16,"minecraft:diamond_pickaxe":5,"minecraft:iron_pickaxe":2013,"minecraft:cracked_nether_bricks":8,"byg:soapstone":8,"minecraft:stone_axe":19,"minecraft:cobblestone":42,"minecraft:cooked_porkchop":15,"byg:scoria_cobblestone":96,"minecraft:bucket":31,"minecraft:chainmail_leggings":1},"minecraft:mined":{"minecraft:red_nether_brick_slab":2,"byg:green_mushroom_block":1,"minecraft:red_nether_bricks":7,"minecraft:orange_stained_glass":1,"minecraft:brewing_stand":2,"minecraft:granite":1,"minecraft:chiseled_polished_blackstone":2,"minecraft:cracked_polished_blackstone_bricks":1,"minecraft:soul_soil":296,"minecraft:coal_block":15,"minecraft:polished_blackstone_brick_slab":6,"minecraft:nether_wart":7,"minecraft:polished_blackstone_pressure_plate":1,"minecraft:spawner":6,"minecraft:gilded_blackstone":4,"minecraft:magma_block":3,"minecraft:tall_seagrass":3,"minecraft:polished_blackstone_bricks":26,"minecraft:raw_iron_block":4,"iter_rpg:netherrack_geodite":1,"minecraft:glowstone":58,"minecraft:red_nether_brick_stairs":10,"minecraft:cobbled_deepslate":13,"minecraft:iron_ore":1,"minecraft:fire":25,"minecraft:barrel":4,"byg:embur_crafting_table":11,"twigs:silt":1,"minecraft:nether_brick_stairs":9,"minecraft:water_cauldron":1,"minecraft:iron_bars":4,"minecraft:iron_block":17,"minecraft:cyan_terracotta":56,"minecraft:polished_blackstone_wall":2,"minecraft:blackstone":58,"minecraft:soul_fire":12,"minecraft:soul_lantern":2,"minecraft:torch":1,"minecraft:blast_furnace":1,"minecraft:chest":1,"minecraft:nether_brick_slab":11,"minecraft:nether_quartz_ore":19,"minecraft:cobblestone":6,"minecraft:slime_block":16,"minecraft:iron_door":3,"byg:embur_planks":5,"minecraft:light_weighted_pressure_plate":1,"byg:soapstone":8,"bygonenether:cobbled_blackstone":3,"minecraft:blue_ice":1,"minecraft:copper_block":8,"minecraft:dirt":2,"minecraft:lime_terracotta":10,"minecraft:sand":5,"minecraft:smooth_basalt":6,"twigs:rhyolite":7,"minecraft:red_mushroom_block":1,"minecraft:netherrack":1232,"minecraft:yellow_stained_glass":1,"minecraft:deepslate":9,"minecraft:yellow_terracotta":17,"minecraft:nether_gold_ore":218,"minecraft:tuff":20,"byg:scoria_cobblestone":23,"minecraft:blackstone_wall":7,"minecraft:nether_brick_wall":3,"minecraft:red_stained_glass":1,"minecraft:nether_bricks":135,"minecraft:ladder":2,"iter_rpg:magmanum_ore":8,"minecraft:cracked_nether_bricks":22,"minecraft:crimson_stem":19,"byg:blue_netherrack":69,"minecraft:black_glazed_terracotta":65,"minecraft:polished_basalt":3,"minecraft:andesite":75,"minecraft:green_terracotta":6,"minecraft:gold_block":28,"minecraft:nether_brick_fence":15,"byg:emeraldite_ore":19,"minecraft:stone":163,"minecraft:redstone_wall_torch":1,"minecraft:scaffolding":1,"minecraft:gray_concrete":6,"minecraft:chiseled_nether_bricks":6,"minecraft:soul_sand":52,"minecraft:basalt":479,"minecraft:polished_blackstone_brick_wall":8,"minecraft:polished_blackstone_brick_stairs":27,"byg:scoria_stone":2732,"minecraft:polished_blackstone_stairs":12,"forbidden_arcanus:xpetrified_ore":1,"minecraft:polished_blackstone_slab":4,"minecraft:ice":6,"minecraft:coal_ore":1,"byg:embur_gel_block":9,"minecraft:gravel":21,"minecraft:cobweb":34,"byg:embur_pedu":90,"minecraft:polished_blackstone":45,"minecraft:chipped_anvil":1}},"DataVersion":3120}