{"stats":{"minecraft:used":{"minecraft:nether_brick_fence":4,"farmersdelight:diamond_knife":196,"minecraft:shield":7,"minecraft:chest":5,"minecraft:iron_sword":63,"minecraft:nether_wart":6,"minecraft:netherrack":150,"minecraft:nether_bricks":21,"byg:embur_planks":126,"byg:embur_pedu":3,"minecraft:golden_shovel":13,"byg:embur_crafting_table":10,"minecraft:cyan_terracotta":11,"simplyswords:diamond_greathammer":60,"minecraft:barrel":4,"minecraft:basalt":1,"minecraft:bow":40,"minecraft:soul_soil":38,"minecraft:stone_pickaxe":3683,"minecraft:wooden_pickaxe":131,"minecraft:golden_apple":3,"minecraft:yellow_terracotta":2,"farmersdelight:bacon_and_eggs":7,"farmersdelight:ratatouille":16,"minecraft:iron_pickaxe":243,"minecraft:cracked_nether_bricks":8,"minecraft:gravel":6,"minecraft:stone_axe":19,"minecraft:wooden_sword":63,"byg:scoria_cobblestone":96,"minecraft:cobweb":2,"forbidden_arcanus:reinforced_deorum_sword":18},"minecraft:dropped":{"minecraft:enchanted_book":1,"byg:biomepedia":1,"minecraft:chiseled_nether_bricks":2,"minecraft:soul_sand":64,"minecraft:golden_helmet":2,"minecraft:polished_blackstone":6,"byg:embur_slab":4,"byg:embur_crafting_table":1,"minecraft:nether_brick_wall":2,"byg:emeraldite_shards":3,"minecraft:coal":4,"minecraft:red_mushroom":1,"nethersdelight:propelpearl":12,"minecraft:stick":20,"minecraft:cyan_terracotta":15,"twigs:pebble":8,"minecraft:cobweb":6,"ars_nouveau:worn_notebook":1,"byg:embur_gel_branch":31,"forbidden_arcanus:spawner_scrap":1,"minecraft:potion":5,"minecraft:gold_nugget":17,"minecraft:wooden_sword":4,"byg:embur_gel_ball":3,"byg:scoria_cobblestone":2103,"minecraft:gold_ingot":217,"quark:ancient_tome":1,"minecraft:gravel":6,"minecraft:stone_axe":1,"minecraft:blackstone":81,"minecraft:soul_soil":61,"ars_nouveau:source_berry":3,"minecraft:golden_chestplate":2,"minecraft:stone_sword":4,"alexsmobs:animal_dictionary":1,"minecraft:bowl":21,"minecraft:nether_brick":59,"immersive_armors:wooden_boots":2,"farmersdelight:cabbage_seeds":3,"minecraft:iron_boots":1,"minecraft:glowstone_dust":21,"minecraft:golden_shovel":1,"minecraft:nether_brick_fence":12,"minecraft:nether_bricks":45,"patchouli:guide_book":3,"byg:embur_planks":14,"minecraft:golden_sword":4,"minecraft:leather_leggings":2,"minecraft:redstone_torch":5,"minecraft:stone_pickaxe":9,"minecraft:wooden_pickaxe":1,"minecraft:cracked_nether_bricks":7,"minecraft:magma_block":2,"majruszsaccessories:lucky_rock":1,"minecraft:netherrack":224,"minecraft:nether_brick_stairs":1,"farmersdelight:tomato_seeds":10},"minecraft:broken":{"minecraft:wooden_pickaxe":2,"minecraft:stone_pickaxe":26},"minecraft:custom":{"enigmaticlegacy:play_time_with_seven_curses":0,"lootr:looted_stat":28,"minecraft:mob_kills":19,"minecraft:interact_with_crafting_table":33,"minecraft:open_barrel":3,"goblintraders:trade_with_goblin":3,"minecraft:damage_dealt_resisted":67,"minecraft:leave_game":2,"minecraft:time_since_death":22058,"minecraft:damage_resisted":0,"minecraft:sprint_one_cm":440135,"minecraft:walk_one_cm":536517,"minecraft:damage_blocked_by_shield":940,"minecraft:drop":416,"minecraft:damage_dealt_absorbed":104,"minecraft:play_time":208694,"minecraft:deaths":3,"minecraft:sneak_time":19463,"minecraft:jump":2664,"minecraft:interact_with_brewingstand":13,"minecraft:interact_with_blast_furnace":1,"minecraft:total_world_time":208694,"enigmaticlegacy:play_time_without_seven_curses":208553,"minecraft:time_since_rest":22091,"minecraft:damage_taken":2713,"minecraft:damage_absorbed":80,"minecraft:damage_dealt":21881,"minecraft:fly_one_cm":311948,"minecraft:open_chest":41,"minecraft:crouch_one_cm":52942,"minecraft:fall_one_cm":80315},"minecraft:crafted":{"minecraft:nether_wart":6,"minecraft:coal":99,"minecraft:barrel":3,"byg:embur_slab":12,"minecraft:stone_pickaxe":34,"minecraft:chest":3,"byg:embur_planks":212,"minecraft:emerald":2,"minecraft:air":0,"minecraft:stick":72,"minecraft:iron_ingot":2,"minecraft:gold_ingot":87},"minecraft:mined":{"minecraft:nether_gold_ore":218,"byg:scoria_cobblestone":23,"byg:green_mushroom_block":1,"minecraft:nether_brick_wall":3,"minecraft:red_nether_bricks":2,"minecraft:brewing_stand":2,"minecraft:nether_bricks":114,"minecraft:coal_block":15,"minecraft:soul_soil":296,"minecraft:nether_wart":7,"minecraft:cracked_nether_bricks":20,"minecraft:spawner":3,"minecraft:polished_blackstone_bricks":1,"minecraft:magma_block":1,"minecraft:glowstone":56,"minecraft:barrel":4,"minecraft:fire":8,"byg:embur_crafting_table":7,"minecraft:nether_brick_stairs":1,"minecraft:nether_brick_fence":14,"minecraft:iron_block":1,"byg:emeraldite_ore":19,"minecraft:redstone_wall_torch":1,"minecraft:gray_concrete":2,"minecraft:cyan_terracotta":16,"minecraft:chiseled_nether_bricks":3,"minecraft:soul_sand":52,"minecraft:blackstone":11,"minecraft:soul_fire":12,"minecraft:basalt":4,"minecraft:blast_furnace":1,"minecraft:chest":1,"minecraft:nether_brick_slab":3,"minecraft:nether_quartz_ore":10,"minecraft:polished_blackstone_brick_stairs":1,"byg:embur_planks":3,"byg:scoria_stone":2708,"byg:embur_gel_block":9,"minecraft:lime_terracotta":2,"minecraft:gravel":13,"minecraft:cobweb":16,"byg:embur_pedu":90,"minecraft:red_mushroom_block":1,"minecraft:polished_blackstone":3,"minecraft:netherrack":778,"minecraft:yellow_terracotta":2},"minecraft:killed":{"minecraft:magma_cube":3,"majruszsdifficulty:cursed_armor":2,"minecraft:wither_skeleton":9,"minecraft:blaze":4},"minecraft:picked_up":{"minecraft:nether_wart":9,"minecraft:nether_brick_fence":18,"minecraft:leather_leggings":4,"nethersdelight:propelpearl":12,"minecraft:potion":9,"minecraft:enchanted_book":1,"minecraft:nether_brick":50,"minecraft:brewing_stand":2,"minecraft:string":27,"minecraft:soul_soil":166,"minecraft:wooden_sword":3,"minecraft:blackstone":81,"minecraft:gold_nugget":745,"twigs:pebble":8,"minecraft:redstone_torch":1,"minecraft:iron_nugget":18,"byg:embur_crafting_table":7,"minecraft:chest":1,"minecraft:coal_block":11,"minecraft:iron_boots":2,"minecraft:golden_helmet":1,"minecraft:stick":18,"apotheosis:gem":13,"bygonenether:cobbled_blackstone":11,"minecraft:bowl":6,"minecraft:fire_charge":7,"minecraft:polished_blackstone_bricks":1,"minecraft:chiseled_nether_bricks":2,"minecraft:stone_sword":2,"majruszsaccessories:lucky_rock":1,"minecraft:nether_bricks":93,"minecraft:iron_block":1,"byg:embur_gel_ball":6,"minecraft:cyan_terracotta":16,"minecraft:yellow_terracotta":2,"minecraft:gold_ingot":123,"minecraft:polished_blackstone":6,"minecraft:blaze_rod":2,"minecraft:obsidian":8,"minecraft:nether_brick_wall":3,"forbidden_arcanus:spawner_scrap":3,"majruszsaccessories:tool_scraps":1,"minecraft:magma_block":2,"minecraft:basalt":4,"minecraft:leather":7,"minecraft:red_mushroom":1,"byg:embur_gel_branch":31,"minecraft:flint":1,"byg:emeraldite_shards":19,"minecraft:gray_concrete":1,"byg:scoria_cobblestone":2389,"minecraft:bone":19,"majruszsaccessories:onyx":1,"minecraft:stone_pickaxe":3,"minecraft:glowstone_dust":85,"minecraft:soul_sand":64,"minecraft:quartz":12,"minecraft:cracked_nether_bricks":17,"minecraft:gravel":59,"minecraft:nether_brick_stairs":1,"minecraft:blast_furnace":1,"minecraft:nether_brick_slab":2,"minecraft:crying_obsidian":13,"minecraft:spectral_arrow":47,"minecraft:barrel":4,"byg:embur_pedu":90,"minecraft:stone_axe":1,"minecraft:netherrack":457,"minecraft:coal":9,"immersive_armors:wooden_boots":1,"byg:embur_planks":4,"iter_rpg:spawner_fragment":2,"minecraft:ender_pearl":12},"minecraft:killed_by":{"minecraft:wither_skeleton":3}},"DataVersion":3120}