{"stats":{"minecraft:killed":{"minecraft:silverfish":1,"minecraft:piglin_brute":12,"minecraft:magma_cube":9,"minecraft:piglin":2,"minecraft:creeper":1,"alexsmobs:crimson_mosquito":4,"minecraft:pillager":13,"minecraft:ghast":1,"undead_unleashed:haunter":2,"minecraft:blaze":26,"bygonenether:wraither":2,"majruszsdifficulty:cursed_armor":2,"minecraft:wither_skeleton":17,"bygonenether:wex":1},"minecraft:custom":{"enigmaticlegacy:play_time_with_seven_curses":0,"lootr:looted_stat":86,"minecraft:interact_with_crafting_table":59,"minecraft:open_barrel":20,"goblintraders:trade_with_goblin":3,"minecraft:eat_cake_slice":13,"minecraft:leave_game":9,"minecraft:time_since_death":59622,"minecraft:damage_resisted":0,"minecraft:sprint_one_cm":1066933,"minecraft:damage_blocked_by_shield":1953,"minecraft:drop":654,"minecraft:play_time":632469,"minecraft:deaths":12,"minecraft:jump":6649,"minecraft:interact_with_brewingstand":13,"minecraft:walk_on_water_one_cm":11467,"minecraft:interact_with_furnace":3,"minecraft:sleep_in_bed":2,"minecraft:damage_dealt":90673,"minecraft:crouch_one_cm":295597,"minecraft:interact_with_smoker":1,"minecraft:interact_with_smithing_table":8,"minecraft:mob_kills":99,"minecraft:damage_dealt_resisted":67,"minecraft:climb_one_cm":20299,"minecraft:walk_one_cm":1383332,"minecraft:damage_dealt_absorbed":3802,"minecraft:sneak_time":98085,"minecraft:walk_under_water_one_cm":4844,"minecraft:interact_with_blast_furnace":9,"minecraft:total_world_time":632469,"enigmaticlegacy:play_time_without_seven_curses":631865,"minecraft:interact_with_grindstone":1,"minecraft:time_since_rest":14181,"minecraft:damage_taken":18193,"minecraft:damage_absorbed":121,"minecraft:swim_one_cm":6029,"minecraft:fly_one_cm":710641,"minecraft:open_chest":63,"minecraft:fall_one_cm":234652},"minecraft:broken":{"minecraft:golden_boots":1,"minecraft:iron_boots":1,"minecraft:iron_leggings":1,"minecraft:stone_pickaxe":26,"minecraft:wooden_pickaxe":2,"minecraft:golden_axe":1,"immersive_armors:wooden_helmet":1,"minecraft:leather_boots":1,"minecraft:iron_pickaxe":6,"minecraft:golden_pickaxe":1},"minecraft:picked_up":{"minecraft:nether_brick_fence":18,"minecraft:smithing_table":1,"minecraft:enchanted_book":3,"minecraft:potion":9,"minecraft:golden_shovel":1,"minecraft:gilded_blackstone":10,"minecraft:nether_brick":53,"minecraft:stone_brick_stairs":1,"minecraft:brewing_stand":2,"forbidden_arcanus:xpetrified_orb":1,"minecraft:polished_blackstone_brick_stairs":42,"minecraft:string":41,"minecraft:soul_soil":324,"minecraft:red_nether_bricks":4,"minecraft:iron_leggings":2,"minecraft:armor_stand":1,"minecraft:experience_bottle":1,"minecraft:cobblestone_slab":1,"immersive_armors:divine_chestplate":1,"minecraft:gold_nugget":745,"minecraft:cobbled_deepslate":21,"minecraft:bucket":2,"minecraft:black_glazed_terracotta":128,"twigs:pebble":35,"minecraft:light_weighted_pressure_plate":1,"byg:embur_wart":5,"minecraft:redstone_torch":2,"minecraft:iron_pickaxe":1,"byg:embur_crafting_table":13,"minecraft:coal_block":20,"minecraft:iron_boots":2,"minecraft:golden_helmet":4,"minecraft:polished_blackstone_brick_slab":7,"minecraft:stick":18,"apotheosis:gem":16,"minecraft:crimson_pressure_plate":1,"minecraft:polished_blackstone_stairs":18,"minecraft:torch":6,"twigs:silt_ball":16,"minecraft:golden_axe":1,"minecraft:green_terracotta":8,"minecraft:cauldron":1,"minecraft:chiseled_nether_bricks":3,"minecraft:stone_sword":3,"minecraft:blackstone_wall":7,"minecraft:polished_basalt":3,"minecraft:iron_block":16,"byg:embur_gel_ball":6,"minecraft:cyan_terracotta":76,"minecraft:end_rod":11,"supplementaries:ash":15,"minecraft:blaze_rod":11,"minecraft:obsidian":78,"minecraft:blackstone_stairs":4,"minecraft:iron_bars":6,"minecraft:cobblestone":208,"majruszsaccessories:tool_scraps":2,"minecraft:magma_block":2,"minecraft:leather_chestplate":1,"minecraft:iron_door":2,"minecraft:andesite":94,"delightful:animal_fat":11,"minecraft:orange_carpet":2,"minecraft:golden_leggings":1,"minecraft:copper_block":8,"byg:embur_gel_branch":34,"minecraft:flint":1,"minecraft:tuff":40,"byg:emeraldite_shards":19,"minecraft:wither_skeleton_skull":2,"minecraft:gray_concrete":8,"minecraft:dirt":10,"minecraft:lantern":2,"minecraft:leather_boots":1,"minecraft:bone":32,"minecraft:chipped_anvil":1,"minecraft:wheat_seeds":2,"majruszsaccessories:onyx":1,"minecraft:glowstone_dust":334,"minecraft:oak_planks":1,"minecraft:chiseled_polished_blackstone":5,"minecraft:gray_glazed_terracotta":19,"minecraft:lime_terracotta":15,"minecraft:polished_blackstone_slab":5,"minecraft:nether_brick_stairs":2,"sophisticatedbackpacks:iron_backpack":1,"minecraft:spectral_arrow":47,"minecraft:barrel":4,"irons_spellbooks:blaze_spell_book":1,"minecraft:slime_block":27,"minecraft:polished_blackstone_pressure_plate":1,"minecraft:soul_lantern":2,"minecraft:crossbow":1,"minecraft:emerald":7,"minecraft:netherrack":865,"cisco_mod:brightsteel_ingot":1,"byg:embur_planks":7,"iter_rpg:spawner_fragment":3,"byg:soapstone":24,"minecraft:nether_wart":9,"byg:tall_pink_allium":3,"minecraft:leather_leggings":5,"minecraft:brown_mushroom":2,"nethersdelight:propelpearl":12,"bygonenether:withered_debris":2,"quark:orange_shard":4,"minecraft:gold_block":111,"minecraft:shield":1,"minecraft:wooden_sword":3,"ringsofascension:ring_fire_resistance":1,"quark:yellow_shard":9,"minecraft:polished_blackstone_wall":11,"minecraft:blackstone":89,"minecraft:respawn_anchor":1,"farmersdelight:straw":6,"minecraft:player_head":6,"minecraft:iron_nugget":18,"minecraft:chest":1,"minecraft:spruce_trapdoor":1,"minecraft:raw_iron":1,"bygonenether:cobbled_blackstone":29,"minecraft:bowl":12,"minecraft:fire_charge":7,"minecraft:polished_blackstone_bricks":40,"minecraft:redstone":1,"minecraft:arrow":21,"minecraft:peony":3,"minecraft:nether_bricks":112,"majruszsaccessories:lucky_rock":3,"celestisynth:solar_crystal":10,"minecraft:yellow_terracotta":16,"minecraft:saddle":1,"byg:blue_netherrack":106,"minecraft:gold_ingot":123,"sophisticatedbackpacks:copper_backpack":1,"minecraft:polished_blackstone":37,"minecraft:nether_brick_wall":3,"forbidden_arcanus:spawner_scrap":5,"minecraft:basalt":515,"minecraft:tripwire_hook":1,"minecraft:crimson_stem":19,"minecraft:leather":7,"minecraft:red_mushroom":1,"minecraft:ancient_debris":2,"minecraft:chainmail_chestplate":2,"minecraft:yellow_glazed_terracotta":62,"iter_rpg:magmanum_chunk":9,"minecraft:red_carpet":8,"byg:scoria_cobblestone":2563,"minecraft:red_nether_brick_stairs":7,"minecraft:stone_bricks":12,"minecraft:stone_pickaxe":3,"minecraft:cobweb":14,"bygonenether:withered_coal_block":2,"minecraft:gray_bed":1,"apotheosis:gem_dust":2,"minecraft:soul_sand":128,"minecraft:book":9,"minecraft:scaffolding":1,"minecraft:smooth_basalt":25,"minecraft:quartz":32,"minecraft:cracked_nether_bricks":17,"minecraft:raw_iron_block":4,"minecraft:gravel":74,"minecraft:blast_furnace":2,"minecraft:white_bed":1,"minecraft:nether_brick_slab":4,"minecraft:crying_obsidian":13,"byg:embur_pedu":95,"byg:tall_allium":6,"minecraft:stone_axe":1,"immersive_armors:wooden_chestplate":1,"minecraft:iron_helmet":1,"minecraft:polished_blackstone_brick_wall":8,"minecraft:red_nether_brick_slab":3,"immersive_armors:wooden_boots":1,"minecraft:smooth_quartz_slab":1,"minecraft:coal":30,"minecraft:ender_pearl":12},"minecraft:mined":{"minecraft:red_nether_brick_slab":3,"minecraft:blackstone_stairs":5,"minecraft:white_bed":1,"byg:green_mushroom_block":1,"minecraft:orange_stained_glass":2,"minecraft:red_nether_bricks":72,"minecraft:brewing_stand":2,"minecraft:obsidian":70,"minecraft:spruce_trapdoor":1,"minecraft:granite":1,"minecraft:chiseled_polished_blackstone":6,"minecraft:grass_block":2,"minecraft:cracked_polished_blackstone_bricks":1,"minecraft:soul_soil":583,"minecraft:coal_block":29,"minecraft:polished_blackstone_brick_slab":7,"minecraft:diorite_stairs":1,"minecraft:nether_wart":7,"minecraft:polished_blackstone_pressure_plate":1,"minecraft:gilded_blackstone":10,"minecraft:spawner":6,"iter_rpg:netherrack_geodite":1,"minecraft:polished_blackstone_bricks":43,"minecraft:tall_seagrass":3,"minecraft:raw_iron_block":4,"minecraft:magma_block":5,"minecraft:glowstone":144,"minecraft:red_nether_brick_stairs":12,"minecraft:cobbled_deepslate":14,"minecraft:iron_ore":2,"minecraft:barrel":4,"minecraft:fire":40,"byg:embur_crafting_table":13,"minecraft:target":1,"minecraft:nether_brick_stairs":9,"twigs:silt":3,"minecraft:water_cauldron":1,"minecraft:iron_bars":6,"minecraft:potted_cornflower":1,"minecraft:iron_block":17,"minecraft:player_head":1,"bygonenether:withered_coal_block":2,"minecraft:cyan_terracotta":56,"minecraft:polished_blackstone_wall":5,"minecraft:blackstone":62,"minecraft:soul_fire":12,"minecraft:soul_lantern":2,"minecraft:torch":2,"byg:embur_wart":5,"minecraft:blast_furnace":2,"minecraft:chest":1,"minecraft:nether_brick_slab":11,"minecraft:smooth_quartz_slab":1,"minecraft:nether_quartz_ore":19,"minecraft:cobblestone":10,"minecraft:slime_block":28,"minecraft:oak_planks":1,"byg:embur_planks":5,"minecraft:iron_door":3,"minecraft:wall_torch":2,"minecraft:light_weighted_pressure_plate":1,"byg:soapstone":8,"bygonenether:cobbled_blackstone":3,"minecraft:blue_ice":1,"minecraft:tnt":3,"minecraft:stone_brick_stairs":1,"celestisynth:solar_crystal":14,"minecraft:yellow_glazed_terracotta":71,"minecraft:copper_block":8,"minecraft:grass":27,"minecraft:diorite_wall":1,"minecraft:dirt":3,"minecraft:lime_terracotta":15,"minecraft:sand":5,"minecraft:smooth_basalt":6,"twigs:rhyolite":7,"minecraft:wither_skeleton_skull":1,"minecraft:oak_leaves":2,"minecraft:red_mushroom_block":1,"minecraft:netherrack":1256,"minecraft:ancient_debris":2,"minecraft:yellow_stained_glass":2,"minecraft:deepslate":9,"minecraft:yellow_terracotta":22,"minecraft:nether_gold_ore":218,"minecraft:tuff":20,"byg:scoria_cobblestone":23,"minecraft:blackstone_wall":9,"minecraft:nether_brick_wall":3,"minecraft:red_stained_glass":1,"minecraft:gray_glazed_terracotta":2,"byg:pink_allium_flower_bush":1,"minecraft:nether_bricks":138,"minecraft:ladder":2,"iter_rpg:magmanum_ore":8,"minecraft:infested_chiseled_stone_bricks":1,"minecraft:cracked_nether_bricks":22,"minecraft:crimson_stem":19,"byg:blue_netherrack":69,"minecraft:black_glazed_terracotta":135,"minecraft:polished_basalt":7,"minecraft:andesite":75,"minecraft:green_terracotta":11,"byg:allium_flower_bush":1,"minecraft:peony":3,"minecraft:gold_block":99,"minecraft:nether_brick_fence":15,"minecraft:bookshelf":3,"minecraft:cobblestone_slab":1,"minecraft:respawn_anchor":1,"minecraft:stone":163,"byg:emeraldite_ore":19,"minecraft:redstone_wall_torch":1,"minecraft:smithing_table":1,"minecraft:scaffolding":1,"minecraft:gray_concrete":6,"minecraft:chiseled_nether_bricks":6,"minecraft:soul_sand":126,"minecraft:potted_lily_of_the_valley":1,"minecraft:basalt":631,"minecraft:polished_blackstone_brick_wall":12,"minecraft:polished_blackstone_brick_stairs":33,"byg:scoria_stone":2859,"forbidden_arcanus:xpetrified_ore":1,"minecraft:polished_blackstone_slab":5,"minecraft:polished_blackstone_stairs":28,"minecraft:ice":6,"bygonenether:withered_debris":2,"minecraft:coal_ore":1,"byg:tall_pink_allium":4,"minecraft:end_rod":11,"byg:embur_gel_block":9,"minecraft:gravel":21,"minecraft:cobweb":36,"byg:embur_pedu":95,"minecraft:stone_bricks":12,"minecraft:polished_blackstone":71,"byg:tall_allium":7,"minecraft:orange_wall_banner":1,"minecraft:chipped_anvil":1},"minecraft:dropped":{"minecraft:nether_brick_stairs":2,"byg:biomepedia":1,"minecraft:soul_sand":64,"minecraft:brown_mushroom":2,"minecraft:cooked_porkchop":4,"byg:embur_slab":4,"minecraft:lime_terracotta":9,"minecraft:lantern":2,"minecraft:saddle":2,"minecraft:iron_horse_armor":2,"minecraft:polished_blackstone_brick_wall":6,"minecraft:cyan_terracotta":62,"minecraft:red_carpet":8,"minecraft:blackstone_stairs":3,"minecraft:flint":1,"minecraft:dirt":6,"minecraft:red_mushroom":1,"nethersdelight:propelpearl":12,"twigs:pebble":35,"minecraft:gray_concrete":2,"minecraft:orange_carpet":2,"minecraft:polished_blackstone_pressure_plate":1,"minecraft:polished_blackstone_brick_stairs":30,"byg:embur_gel_branch":34,"minecraft:gilded_blackstone":6,"minecraft:gold_nugget":17,"minecraft:wooden_sword":4,"minecraft:polished_blackstone_bricks":9,"immersive_armors:wooden_chestplate":1,"byg:embur_gel_ball":3,"minecraft:iron_pickaxe":1,"byg:scoria_cobblestone":2155,"minecraft:gold_ingot":217,"minecraft:armor_stand":1,"minecraft:bone":4,"quark:ancient_tome":1,"minecraft:polished_blackstone_wall":10,"minecraft:gravel":17,"minecraft:chiseled_polished_blackstone":1,"minecraft:stone_axe":1,"ringsofascension:ring_fire_resistance":1,"minecraft:blackstone":81,"minecraft:golden_chestplate":2,"alexsmobs:animal_dictionary":1,"minecraft:cobbled_deepslate":8,"minecraft:nether_brick":59,"immersive_armors:wooden_boots":2,"minecraft:glowstone_dust":21,"minecraft:blaze_powder":1,"minecraft:golden_shovel":2,"minecraft:nether_brick_fence":12,"patchouli:guide_book":3,"minecraft:chainmail_chestplate":2,"minecraft:leather_chestplate":1,"minecraft:leather_boots":1,"minecraft:leather_leggings":3,"minecraft:basalt":210,"minecraft:arrow":6,"minecraft:scaffolding":1,"minecraft:cracked_nether_bricks":7,"majruszsaccessories:lucky_rock":1,"minecraft:crimson_planks":1,"minecraft:netherrack":457,"farmersdelight:tomato_seeds":10,"minecraft:enchanted_book":2,"minecraft:golden_boots":1,"minecraft:crimson_pressure_plate":1,"minecraft:chiseled_nether_bricks":2,"minecraft:golden_helmet":5,"minecraft:polished_blackstone":9,"minecraft:golden_horse_armor":2,"byg:embur_crafting_table":1,"minecraft:yellow_terracotta":8,"minecraft:cobblestone":88,"minecraft:golden_axe":2,"minecraft:iron_helmet":1,"minecraft:nether_brick_wall":2,"byg:emeraldite_shards":3,"minecraft:coal":4,"minecraft:stick":20,"minecraft:polished_blackstone_stairs":7,"bygonenether:cobbled_blackstone":5,"minecraft:cobweb":18,"ars_nouveau:worn_notebook":1,"minecraft:nether_gold_ore":3,"twigs:silt_ball":16,"minecraft:torch":17,"minecraft:blackstone_wall":2,"byg:soapstone":16,"minecraft:iron_door":2,"forbidden_arcanus:spawner_scrap":1,"deeperdarker:gloomslate_gold_ore":3,"minecraft:potion":17,"minecraft:iron_leggings":2,"minecraft:smooth_quartz_slab":1,"minecraft:polished_blackstone_brick_slab":3,"minecraft:polished_basalt":1,"minecraft:tripwire_hook":1,"minecraft:string":1,"quark:yellow_shard":6,"minecraft:bucket":3,"minecraft:redstone":37,"minecraft:soul_soil":61,"minecraft:green_terracotta":5,"minecraft:player_head":5,"ars_nouveau:source_berry":3,"minecraft:stone_sword":4,"minecraft:bowl":32,"minecraft:gray_glazed_terracotta":1,"majruszsaccessories:tool_scraps":1,"minecraft:tuff":40,"farmersdelight:cabbage_seeds":3,"byg:tall_allium":6,"minecraft:iron_boots":1,"quark:orange_shard":2,"farmersdelight:straw":5,"minecraft:name_tag":1,"minecraft:nether_bricks":48,"minecraft:red_nether_brick_stairs":6,"byg:blue_netherrack":78,"minecraft:shield":2,"minecraft:diamond_chestplate":1,"minecraft:spruce_trapdoor":1,"byg:embur_planks":15,"minecraft:andesite":62,"minecraft:golden_leggings":2,"minecraft:golden_sword":4,"minecraft:redstone_torch":5,"byg:tall_pink_allium":3,"minecraft:bow":1,"minecraft:stone_pickaxe":9,"minecraft:wooden_pickaxe":1,"delightful:animal_fat":11,"minecraft:magma_block":2},"minecraft:killed_by":{"minecraft:piglin_brute":3,"minecraft:wither_skeleton":6,"majruszsdifficulty:cursed_armor":1,"bygonenether:wex":1},"minecraft:used":{"minecraft:nether_brick_fence":4,"minecraft:polished_blackstone":19,"minecraft:chest":5,"minecraft:shield":13,"minecraft:iron_sword":63,"minecraft:nether_wart":6,"minecraft:red_nether_brick_stairs":1,"minecraft:nether_bricks":34,"byg:embur_planks":137,"minecraft:obsidian":61,"minecraft:polished_blackstone_slab":4,"minecraft:cyan_terracotta":33,"minecraft:lava_bucket":51,"ars_nouveau:source_berry":6,"minecraft:bow":40,"minecraft:gold_block":1,"minecraft:polished_blackstone_stairs":9,"bygonenether:cobbled_blackstone":12,"minecraft:chiseled_polished_blackstone":4,"minecraft:stone_pickaxe":3686,"minecraft:blackstone":8,"minecraft:leather_chestplate":1,"minecraft:wooden_pickaxe":131,"minecraft:golden_apple":4,"minecraft:respawn_anchor":1,"minecraft:yellow_terracotta":2,"minecraft:blast_furnace":1,"minecraft:crossbow":73,"minecraft:blackstone_wall":3,"minecraft:gray_concrete":4,"minecraft:shears":2,"minecraft:redstone_torch":1,"farmersdelight:ratatouille":16,"easy_villagers:villager":1,"minecraft:crying_obsidian":5,"minecraft:gravel":10,"minecraft:coal_block":1,"minecraft:wooden_sword":63,"forbidden_arcanus:splash_aureal_bottle":1,"minecraft:smithing_table":1,"deeperdarker:gloomslate_gold_ore":1,"minecraft:andesite":32,"minecraft:golden_pickaxe":86,"minecraft:cobweb":3,"forbidden_arcanus:reinforced_deorum_sword":533,"minecraft:flint_and_steel":18,"farmersdelight:diamond_knife":920,"minecraft:netherrack":187,"minecraft:torch":1,"minecraft:dirt":4,"minecraft:red_nether_brick_slab":1,"byg:embur_pedu":3,"minecraft:nether_brick_slab":2,"minecraft:golden_shovel":13,"byg:embur_crafting_table":20,"minecraft:polished_blackstone_brick_stairs":4,"simplyswords:diamond_greathammer":60,"minecraft:crimson_planks":59,"minecraft:barrel":4,"minecraft:smooth_basalt":9,"minecraft:basalt":174,"byg:blue_netherrack":5,"minecraft:gray_glazed_terracotta":18,"minecraft:soul_soil":39,"minecraft:netherite_pickaxe":131,"comforts:sleeping_bag_white":1,"minecraft:cobbled_deepslate":13,"minecraft:golden_axe":20,"bygonenether:withered_debris":1,"minecraft:crimson_stem":4,"minecraft:red_nether_bricks":2,"minecraft:chiseled_nether_bricks":1,"minecraft:leather_boots":1,"minecraft:polished_blackstone_bricks":28,"minecraft:lime_terracotta":3,"minecraft:white_bed":3,"minecraft:nether_gold_ore":6,"farmersdelight:bacon_and_eggs":16,"minecraft:diamond_pickaxe":743,"minecraft:iron_pickaxe":2038,"minecraft:cracked_nether_bricks":8,"byg:soapstone":8,"minecraft:stone_axe":19,"minecraft:cobblestone":50,"minecraft:cooked_porkchop":54,"byg:scoria_cobblestone":96,"minecraft:bucket":49,"minecraft:chainmail_leggings":1},"minecraft:crafted":{"minecraft:barrel":3,"byg:embur_slab":12,"minecraft:chest":3,"byg:embur_planks":236,"minecraft:emerald":2,"minecraft:spectral_arrow":30,"minecraft:stick":80,"minecraft:iron_ingot":2,"minecraft:gold_ingot":150,"minecraft:nether_wart":6,"minecraft:coal":99,"minecraft:stone_pickaxe":34,"minecraft:netherite_scrap":3,"minecraft:crimson_planks":60,"minecraft:netherite_pickaxe":1,"minecraft:air":0,"minecraft:white_wool":2}},"DataVersion":3120}