{"stats":{"minecraft:broken":{"minecraft:golden_boots":1,"minecraft:iron_boots":1,"minecraft:iron_leggings":1,"minecraft:wooden_pickaxe":2,"immersive_armors:wooden_helmet":1,"minecraft:iron_pickaxe":6,"minecraft:stone_pickaxe":26,"minecraft:golden_axe":1,"minecraft:leather_boots":1,"minecraft:golden_pickaxe":1},"minecraft:custom":{"minecraft:interact_with_crafting_table":92,"minecraft:open_barrel":20,"goblintraders:trade_with_goblin":3,"minecraft:eat_cake_slice":13,"minecraft:leave_game":11,"minecraft:time_since_death":20229,"minecraft:damage_blocked_by_shield":2175,"minecraft:play_time":816830,"minecraft:deaths":14,"minecraft:jump":8590,"minecraft:interact_with_furnace":20,"minecraft:sleep_in_bed":9,"minecraft:waystone_activated":2,"minecraft:damage_dealt":114109,"minecraft:interact_with_smoker":1,"minecraft:interact_with_smithing_table":8,"minecraft:damage_dealt_absorbed":3802,"minecraft:sneak_time":102359,"minecraft:interact_with_blast_furnace":15,"minecraft:total_world_time":816830,"enigmaticlegacy:play_time_without_seven_curses":816157,"minecraft:time_since_rest":540,"minecraft:swim_one_cm":6029,"minecraft:fly_one_cm":1168411,"minecraft:open_chest":211,"minecraft:fall_one_cm":299286,"enigmaticlegacy:play_time_with_seven_curses":0,"lootr:looted_stat":111,"minecraft:damage_resisted":640,"minecraft:sprint_one_cm":1601427,"minecraft:drop":765,"minecraft:talked_to_villager":2,"minecraft:interact_with_brewingstand":13,"minecraft:walk_on_water_one_cm":15788,"minecraft:player_kills":1,"minecraft:crouch_one_cm":303622,"minecraft:mob_kills":203,"minecraft:damage_dealt_resisted":517,"minecraft:climb_one_cm":27315,"minecraft:walk_one_cm":1792326,"minecraft:walk_under_water_one_cm":11213,"minecraft:interact_with_grindstone":1,"minecraft:damage_taken":21873,"minecraft:damage_absorbed":268},"minecraft:killed_by":{"minecraft:piglin_brute":3,"majruszsdifficulty:cursed_armor":1,"minecraft:wither_skeleton":6,"whisperwoods:zotzpyre":1,"bygonenether:wex":1},"minecraft:mined":{"minecraft:red_nether_brick_slab":3,"minecraft:blackstone_stairs":5,"minecraft:white_bed":2,"byg:green_mushroom_block":1,"minecraft:red_nether_bricks":72,"minecraft:obsidian":70,"minecraft:granite":1,"minecraft:chiseled_polished_blackstone":6,"minecraft:coal_block":29,"minecraft:diorite_stairs":1,"minecraft:nether_wart":7,"minecraft:oxeye_daisy":1,"minecraft:spawner":6,"blue_skies:maple_planks":7,"minecraft:polished_blackstone_bricks":43,"minecraft:tall_seagrass":3,"minecraft:magma_block":5,"minecraft:fire":42,"minecraft:barrel":4,"minecraft:cobbled_deepslate":14,"byg:embur_crafting_table":14,"minecraft:nether_brick_stairs":9,"bakery:strawberry_taiga":2,"minecraft:water_cauldron":1,"minecraft:oak_stairs":1,"minecraft:iron_block":17,"minecraft:player_head":1,"byg:pollen_block":3,"bygonenether:withered_coal_block":2,"minecraft:player_wall_head":2,"minecraft:soul_fire":12,"minecraft:torch":4,"byg:embur_wart":5,"minecraft:blast_furnace":4,"minecraft:nether_brick_slab":11,"galosphere:silver_ore":5,"minecraft:smooth_quartz_slab":1,"byg:embur_planks":5,"minecraft:skeleton_skull":2,"byg:soapstone":8,"minecraft:yellow_glazed_terracotta":71,"minecraft:stone_brick_stairs":1,"minecraft:copper_block":8,"minecraft:grass":184,"minecraft:smooth_basalt":6,"twigs:rhyolite":7,"minecraft:red_mushroom_block":1,"minecraft:yellow_stained_glass":2,"minecraft:deepslate":29,"minecraft:yellow_terracotta":22,"minecraft:mossy_cobblestone":1,"minecraft:nether_brick_wall":3,"minecraft:nether_bricks":138,"minecraft:green_terracotta":11,"minecraft:andesite":75,"minecraft:cobblestone_slab":1,"minecraft:respawn_anchor":1,"minecraft:white_wool":1,"minecraft:smithing_table":1,"minecraft:gray_concrete":6,"minecraft:soul_sand":126,"minecraft:chiseled_nether_bricks":6,"minecraft:potted_lily_of_the_valley":1,"galosphere:deepslate_silver_ore":2,"minecraft:polished_blackstone_brick_wall":12,"minecraft:dandelion":7,"minecraft:cornflower":1,"minecraft:tall_grass":28,"byg:scoria_stone":2859,"bygonenether:withered_debris":2,"byg:embur_gel_block":51,"minecraft:sunflower":1,"minecraft:gravel":22,"minecraft:cobweb":45,"minecraft:polished_blackstone":71,"minecraft:stone_bricks":18,"byg:tall_allium":13,"minecraft:orange_wall_banner":1,"minecraft:chipped_anvil":1,"minecraft:orange_stained_glass":2,"minecraft:brewing_stand":2,"minecraft:spruce_trapdoor":1,"minecraft:grass_block":80,"minecraft:cracked_polished_blackstone_bricks":1,"minecraft:soul_soil":583,"minecraft:polished_blackstone_brick_slab":7,"minecraft:polished_blackstone_pressure_plate":1,"minecraft:gilded_blackstone":10,"minecraft:smooth_stone":1,"minecraft:raw_iron_block":4,"iter_rpg:netherrack_geodite":1,"minecraft:glowstone":144,"minecraft:red_nether_brick_stairs":12,"minecraft:iron_ore":2,"minecraft:target":1,"twigs:silt":3,"minecraft:azure_bluet":3,"minecraft:iron_bars":6,"minecraft:potted_cornflower":1,"minecraft:polished_blackstone_wall":5,"minecraft:cyan_terracotta":56,"minecraft:blackstone":62,"minecraft:soul_lantern":2,"minecraft:poppy":5,"minecraft:chest":1,"minecraft:nether_quartz_ore":19,"minecraft:cobblestone":12,"minecraft:slime_block":28,"minecraft:oak_planks":3,"minecraft:iron_door":3,"minecraft:wall_torch":2,"minecraft:light_weighted_pressure_plate":1,"bygonenether:cobbled_blackstone":3,"minecraft:blue_ice":1,"minecraft:tnt":3,"celestisynth:solar_crystal":14,"minecraft:oak_log":2,"minecraft:diorite_wall":1,"minecraft:sand":5,"minecraft:lime_terracotta":15,"minecraft:dirt":70,"minecraft:wither_skeleton_skull":1,"minecraft:ancient_debris":2,"minecraft:netherrack":1256,"minecraft:oak_leaves":4,"minecraft:nether_gold_ore":218,"minecraft:tuff":20,"byg:scoria_cobblestone":23,"minecraft:blackstone_wall":9,"minecraft:red_stained_glass":1,"minecraft:gray_glazed_terracotta":2,"byg:pink_allium_flower_bush":5,"minecraft:ladder":2,"iter_rpg:magmanum_ore":8,"minecraft:infested_chiseled_stone_bricks":1,"minecraft:cracked_nether_bricks":22,"minecraft:crimson_stem":19,"byg:blue_netherrack":69,"iter_rpg:small_vase":1,"minecraft:black_glazed_terracotta":135,"minecraft:polished_basalt":7,"byg:allium_flower_bush":11,"minecraft:peony":4,"minecraft:gold_block":99,"minecraft:nether_brick_fence":15,"minecraft:bookshelf":7,"byg:emeraldite_ore":19,"minecraft:stone":315,"minecraft:redstone_wall_torch":1,"minecraft:scaffolding":1,"minecraft:basalt":631,"minecraft:polished_blackstone_brick_stairs":33,"forbidden_arcanus:xpetrified_ore":1,"minecraft:polished_blackstone_slab":5,"minecraft:polished_blackstone_stairs":28,"minecraft:ice":6,"minecraft:yellow_bed":1,"minecraft:coal_ore":5,"minecraft:end_rod":11,"byg:tall_pink_allium":10,"byg:embur_pedu":101,"minecraft:mossy_stone_bricks":5},"minecraft:crafted":{"minecraft:emerald":2,"cisco_mod:brightsteel_ingot":27,"cisco_mod:raw_brightsteel":27,"minecraft:gold_ingot":150,"minecraft:bone_meal":12,"minecraft:stone_pickaxe":34,"ironchest:gold_chest":2,"minecraft:netherite_pickaxe":1,"byg:embur_gel_block":1,"minecraft:oak_planks":16,"minecraft:barrel":3,"byg:embur_slab":12,"minecraft:chest":3,"byg:embur_planks":236,"minecraft:red_wool":2,"minecraft:spectral_arrow":30,"minecraft:stick":80,"minecraft:iron_ingot":95,"minecraft:nether_wart":6,"minecraft:raw_iron":36,"minecraft:coal":99,"minecraft:netherite_scrap":3,"minecraft:red_dye":2,"minecraft:crimson_planks":60,"minecraft:air":0,"woodworks:oak_chest":2,"minecraft:white_wool":9,"ironchest:iron_chest":2},"minecraft:dropped":{"byg:biomepedia":1,"minecraft:cooked_porkchop":7,"byg:embur_slab":4,"minecraft:saddle":2,"undead_unleashed:grave_metal_scrap":4,"minecraft:blackstone_stairs":5,"minecraft:red_mushroom":1,"nethersdelight:propelpearl":12,"minecraft:red_carpet":8,"twigs:pebble":37,"minecraft:dirt":13,"minecraft:gray_concrete":2,"minecraft:wooden_sword":4,"minecraft:gold_nugget":17,"minecraft:sunflower":1,"minecraft:phantom_membrane":2,"byg:embur_gel_ball":4,"minecraft:iron_pickaxe":2,"quark:ancient_tome":1,"minecraft:bone":4,"minecraft:polished_blackstone_wall":10,"ringsofascension:ring_fire_resistance":1,"minecraft:stone_axe":1,"minecraft:golden_chestplate":2,"alexsmobs:animal_dictionary":1,"minecraft:cobbled_deepslate":21,"minecraft:nether_brick":59,"immersive_armors:wooden_boots":2,"minecraft:rotten_flesh":3,"minecraft:oak_planks":4,"minecraft:glowstone_dust":21,"minecraft:blaze_powder":1,"minecraft:golden_shovel":2,"minecraft:nether_brick_fence":12,"minecraft:azure_bluet":3,"minecraft:white_bed":3,"minecraft:black_glazed_terracotta":128,"irons_spellbooks:heavy_chain_necklace":2,"cisco_mod:brightsteel_ingot":6,"minecraft:leather_boots":1,"apotheosis:gem":2,"minecraft:leather_leggings":5,"minecraft:stone_brick_stairs":2,"majruszsaccessories:lucky_rock":2,"farmersdelight:tomato_seeds":10,"minecraft:crimson_planks":1,"minecraft:enchanted_book":2,"minecraft:golden_boots":2,"minecraft:iron_ingot":1,"minecraft:chiseled_nether_bricks":2,"minecraft:wheat_seeds":22,"minecraft:polished_blackstone":9,"minecraft:golden_horse_armor":2,"minecraft:oak_fence":9,"minecraft:iron_helmet":1,"minecraft:yellow_terracotta":8,"minecraft:cobblestone":89,"minecraft:purple_dye":1,"byg:emeraldite_shards":3,"minecraft:coal":4,"minecraft:golden_apple":1,"minecraft:polished_blackstone_stairs":9,"minecraft:cobweb":18,"byg:pollen_dust":6,"minecraft:oxeye_daisy":1,"bygonenether:cobbled_blackstone":7,"twigs:silt_ball":16,"minecraft:blackstone_wall":2,"minecraft:gray_bed":1,"minecraft:potion":17,"minecraft:oak_stairs":3,"minecraft:smooth_stone":1,"minecraft:string":16,"minecraft:soul_soil":61,"minecraft:green_terracotta":5,"minecraft:player_head":5,"ars_nouveau:source_berry":3,"minecraft:stone_sword":4,"minecraft:bowl":32,"minecraft:iron_boots":1,"farmersdelight:straw":8,"quark:yellow_corundum_cluster":1,"minecraft:name_tag":1,"minecraft:nether_bricks":48,"byg:blue_netherrack":78,"minecraft:cobblestone_slab":2,"bygonenether:withered_debris":1,"minecraft:peony":7,"minecraft:spruce_trapdoor":1,"minecraft:redstone_torch":5,"minecraft:stone_bricks":16,"byg:tall_pink_allium":6,"minecraft:bow":1,"waystones:waystone":1,"delightful:animal_fat":11,"minecraft:magma_block":2,"minecraft:nether_brick_stairs":2,"minecraft:soul_sand":64,"minecraft:brown_mushroom":2,"minecraft:red_nether_brick_slab":2,"minecraft:lime_terracotta":9,"bakery:strawberry":1,"minecraft:lantern":2,"minecraft:iron_horse_armor":2,"minecraft:polished_blackstone_brick_wall":8,"minecraft:flint":1,"minecraft:cyan_terracotta":62,"minecraft:orange_carpet":2,"minecraft:polished_blackstone_pressure_plate":1,"minecraft:polished_blackstone_brick_stairs":30,"minecraft:cornflower":1,"byg:embur_gel_branch":34,"minecraft:gilded_blackstone":6,"minecraft:polished_blackstone_bricks":9,"immersive_armors:wooden_chestplate":1,"byg:scoria_cobblestone":2155,"minecraft:gold_ingot":217,"minecraft:armor_stand":1,"minecraft:gravel":65,"byg:embur_pedu":6,"minecraft:chiseled_polished_blackstone":1,"minecraft:blackstone":81,"patchouli:guide_book":3,"minecraft:chainmail_chestplate":2,"minecraft:leather_chestplate":1,"minecraft:basalt":214,"minecraft:arrow":7,"minecraft:cracked_nether_bricks":7,"minecraft:scaffolding":1,"minecraft:netherrack":457,"minecraft:firework_rocket":2,"minecraft:crimson_pressure_plate":1,"minecraft:oak_slab":8,"minecraft:golden_helmet":6,"byg:embur_crafting_table":1,"minecraft:golden_axe":2,"minecraft:nether_brick_wall":2,"minecraft:stick":20,"ars_nouveau:worn_notebook":1,"minecraft:nether_gold_ore":3,"minecraft:torch":17,"byg:soapstone":16,"minecraft:iron_door":2,"forbidden_arcanus:spawner_scrap":1,"deeperdarker:gloomslate_gold_ore":3,"minecraft:iron_leggings":2,"minecraft:smooth_quartz_slab":1,"minecraft:polished_blackstone_brick_slab":7,"minecraft:polished_basalt":3,"waystones:mossy_waystone":1,"quark:yellow_shard":6,"minecraft:tripwire_hook":1,"byg:blue_nether_gold_ore":7,"minecraft:bucket":3,"minecraft:dandelion":9,"minecraft:redstone":37,"blue_skies:maple_planks":1,"minecraft:gray_glazed_terracotta":1,"minecraft:tuff":40,"majruszsaccessories:tool_scraps":1,"farmersdelight:cabbage_seeds":3,"byg:tall_allium":6,"quark:orange_shard":2,"minecraft:red_nether_brick_stairs":6,"minecraft:shield":4,"minecraft:diamond_chestplate":1,"byg:embur_planks":17,"minecraft:andesite":62,"minecraft:mossy_stone_bricks":3,"minecraft:golden_leggings":2,"minecraft:golden_sword":7,"minecraft:stone_pickaxe":9,"minecraft:wooden_pickaxe":1},"minecraft:killed":{"enemyexpansion:equestrian":4,"minecraft:skeleton":2,"minecraft:magma_cube":9,"ars_nouveau:dummy":1,"minecraft:pillager":33,"minecraft:zombie":6,"enemyexpansion:botfly":19,"whisperwoods:moth":1,"minecraft:cow":1,"bygonenether:wraither":2,"minecraft:husk":2,"humancompanions:axeguard":1,"majruszsdifficulty:cursed_armor":5,"minecraft:zombified_piglin":18,"minecraft:spider":2,"aquamirae:tortured_soul":1,"minecraft:silverfish":1,"minecraft:piglin_brute":12,"minecraft:piglin":2,"enemyexpansion:ladybug":1,"minecraft:creeper":1,"alexsmobs:crimson_mosquito":4,"minecraft:ghast":1,"undead_unleashed:haunter":4,"minecraft:blaze":26,"irons_spellbooks:summoned_zombie":4,"enemyexpansion:direwolf":1,"minecraft:phantom":3,"enemyexpansion:goblin":2,"minecraft:wither_skeleton":17,"bygonenether:wex":1},"minecraft:used":{"irons_spellbooks:inscription_table":1,"minecraft:nether_brick_fence":4,"minecraft:polished_blackstone":19,"minecraft:poppy":1,"minecraft:chest":5,"minecraft:red_nether_brick_stairs":1,"minecraft:polished_blackstone_slab":4,"minecraft:lava_bucket":51,"ars_nouveau:source_berry":6,"minecraft:bow":40,"minecraft:furnace":1,"minecraft:blackstone":8,"minecraft:leather_chestplate":1,"minecraft:wooden_pickaxe":131,"minecraft:golden_apple":6,"minecraft:respawn_anchor":1,"minecraft:blast_furnace":3,"minecraft:gray_concrete":4,"minecraft:crying_obsidian":5,"byg:embur_wart":1,"minecraft:coal_block":2,"minecraft:wooden_sword":63,"minecraft:smithing_table":1,"forbidden_arcanus:reinforced_deorum_sword":533,"minecraft:netherrack":187,"minecraft:torch":7,"minecraft:nether_brick_slab":2,"minecraft:golden_shovel":13,"minecraft:iron_axe":7,"minecraft:barrel":4,"minecraft:smooth_basalt":9,"minecraft:basalt":174,"minecraft:gray_glazed_terracotta":18,"comforts:sleeping_bag_white":1,"minecraft:cobbled_deepslate":14,"minecraft:golden_axe":20,"minecraft:crimson_stem":4,"minecraft:leather_boots":1,"minecraft:polished_blackstone_bricks":28,"minecraft:lime_terracotta":3,"minecraft:oak_slab":2,"minecraft:crafting_table":2,"minecraft:white_bed":3,"minecraft:diamond_pickaxe":744,"byg:embur_gel_block":17,"minecraft:iron_pickaxe":2038,"alexsmobs:tendon_whip":3,"minecraft:cobblestone":50,"minecraft:cooked_porkchop":83,"byg:scoria_cobblestone":96,"minecraft:shield":19,"minecraft:iron_sword":63,"minecraft:nether_wart":6,"minecraft:player_head":3,"minecraft:nether_bricks":34,"byg:embur_planks":137,"minecraft:obsidian":61,"minecraft:cyan_terracotta":33,"minecraft:gold_block":1,"bygonenether:cobbled_blackstone":12,"minecraft:polished_blackstone_stairs":9,"minecraft:chiseled_polished_blackstone":4,"relics:researching_table":1,"minecraft:stone_pickaxe":3686,"minecraft:yellow_terracotta":2,"minecraft:crossbow":73,"minecraft:blackstone_wall":3,"minecraft:shears":2,"minecraft:redstone_torch":1,"farmersdelight:ratatouille":16,"easy_villagers:villager":1,"minecraft:gravel":10,"forbidden_arcanus:splash_aureal_bottle":1,"minecraft:andesite":32,"deeperdarker:gloomslate_gold_ore":1,"minecraft:bone_meal":31,"minecraft:golden_pickaxe":86,"minecraft:cobweb":3,"minecraft:experience_bottle":3,"farmersdelight:diamond_knife":1325,"minecraft:flint_and_steel":28,"minecraft:dirt":6,"minecraft:red_nether_brick_slab":1,"byg:embur_pedu":3,"byg:embur_crafting_table":21,"minecraft:polished_blackstone_brick_stairs":4,"simplyswords:diamond_greathammer":98,"minecraft:crimson_planks":59,"byg:blue_netherrack":5,"minecraft:soul_soil":39,"ironchest:gold_chest":4,"minecraft:netherite_pickaxe":335,"bygonenether:withered_debris":1,"minecraft:red_nether_bricks":2,"minecraft:chiseled_nether_bricks":1,"minecraft:nether_gold_ore":6,"farmersdelight:bacon_and_eggs":16,"waystones:mossy_waystone":1,"minecraft:cracked_nether_bricks":8,"byg:soapstone":8,"minecraft:stone_axe":19,"minecraft:bucket":49,"minecraft:chainmail_leggings":1},"minecraft:picked_up":{"minecraft:smithing_table":1,"minecraft:lead":1,"minecraft:oak_stairs":3,"minecraft:enchanted_book":3,"minecraft:golden_shovel":1,"minecraft:brewing_stand":2,"minecraft:golden_sword":6,"forbidden_arcanus:xpetrified_orb":1,"minecraft:polished_blackstone_brick_stairs":42,"minecraft:string":61,"minecraft:soul_soil":324,"minecraft:red_nether_bricks":4,"minecraft:gold_nugget":759,"minecraft:cobbled_deepslate":52,"minecraft:black_glazed_terracotta":128,"byg:embur_wart":5,"byg:embur_crafting_table":14,"minecraft:coal_block":20,"minecraft:golden_helmet":5,"minecraft:polished_blackstone_brick_slab":7,"minecraft:crimson_pressure_plate":1,"minecraft:polished_blackstone_stairs":18,"minecraft:golden_axe":1,"alexsmobs:tendon_whip":1,"minecraft:green_terracotta":8,"minecraft:cauldron":1,"minecraft:chiseled_nether_bricks":3,"minecraft:stone_sword":3,"minecraft:blackstone_wall":7,"minecraft:polished_basalt":3,"minecraft:iron_block":16,"minecraft:cyan_terracotta":76,"minecraft:end_rod":11,"supplementaries:ash":16,"minecraft:blaze_rod":11,"minecraft:blackstone_stairs":5,"minecraft:iron_bars":6,"majruszsaccessories:tool_scraps":2,"minecraft:magma_block":2,"minecraft:cooked_beef":2,"minecraft:iron_door":2,"minecraft:copper_block":8,"byg:embur_gel_branch":37,"minecraft:flint":1,"byg:emeraldite_shards":19,"minecraft:gray_concrete":8,"minecraft:lantern":3,"lootr:trophy":1,"minecraft:chipped_anvil":1,"majruszsaccessories:onyx":1,"minecraft:glowstone_dust":336,"galosphere:raw_silver":7,"minecraft:chiseled_polished_blackstone":5,"minecraft:gray_glazed_terracotta":19,"minecraft:lime_terracotta":15,"sophisticatedbackpacks:iron_backpack":2,"minecraft:barrel":4,"byg:embur_planks":7,"minecraft:nether_wart":9,"minecraft:leather_leggings":5,"minecraft:cornflower":1,"minecraft:netherite_scrap":1,"ringsofascension:ring_fire_resistance":1,"minecraft:iron_shovel":1,"minecraft:polished_blackstone_wall":11,"minecraft:respawn_anchor":1,"byg:pink_allium_flower_bush":1,"minecraft:poppy":5,"minecraft:iron_nugget":18,"minecraft:chest":1,"relics:magma_walker":2,"relics:rage_glove":1,"minecraft:fire_charge":7,"minecraft:redstone":1,"minecraft:peony":7,"celestisynth:solar_crystal":10,"minecraft:yellow_terracotta":16,"byg:blue_netherrack":106,"minecraft:gold_ingot":150,"sophisticatedbackpacks:copper_backpack":1,"minecraft:polished_blackstone":37,"minecraft:oxeye_daisy":1,"minecraft:tripwire_hook":1,"minecraft:red_mushroom":1,"minecraft:oak_log":2,"minecraft:ancient_debris":2,"iter_rpg:magmanum_chunk":9,"minecraft:golden_boots":2,"minecraft:stone_bricks":16,"minecraft:stone_pickaxe":3,"minecraft:cobweb":14,"apotheosis:gem_dust":2,"minecraft:gray_bed":1,"minecraft:smooth_basalt":25,"enemyexpansion:phantom_eye":2,"minecraft:cracked_nether_bricks":17,"minecraft:gravel":75,"minecraft:crying_obsidian":13,"minecraft:firework_rocket":2,"minecraft:stone_axe":1,"minecraft:polished_blackstone_brick_wall":8,"minecraft:red_nether_brick_slab":3,"minecraft:smooth_quartz_slab":1,"immersive_armors:wooden_boots":1,"minecraft:ender_pearl":12,"minecraft:nether_brick_fence":18,"minecraft:potion":9,"minecraft:stone_brick_stairs":2,"minecraft:gilded_blackstone":10,"minecraft:nether_brick":53,"irons_spellbooks:heavy_chain_necklace":1,"minecraft:iron_leggings":2,"minecraft:armor_stand":1,"minecraft:experience_bottle":5,"immersive_armors:divine_chestplate":1,"minecraft:smooth_stone":1,"minecraft:bucket":2,"twigs:pebble":37,"minecraft:light_weighted_pressure_plate":1,"minecraft:redstone_torch":2,"minecraft:cobblestone_slab":2,"minecraft:iron_pickaxe":1,"minecraft:iron_boots":2,"minecraft:stick":18,"apotheosis:gem":22,"twigs:silt_ball":16,"minecraft:torch":8,"blue_skies:maple_planks":7,"quark:yellow_corundum_cluster":1,"minecraft:rotten_flesh":69,"byg:embur_gel_ball":18,"minecraft:obsidian":78,"minecraft:cobblestone":233,"minecraft:leather_chestplate":2,"minecraft:andesite":94,"delightful:animal_fat":11,"minecraft:orange_carpet":2,"minecraft:golden_leggings":1,"minecraft:tuff":40,"minecraft:wither_skeleton_skull":4,"minecraft:dirt":19,"minecraft:leather_boots":2,"minecraft:bone":36,"minecraft:wheat_seeds":26,"minecraft:mossy_stone_bricks":3,"minecraft:oak_planks":13,"minecraft:cooked_porkchop":3,"byg:pollen_dust":6,"minecraft:polished_blackstone_slab":5,"minecraft:nether_brick_stairs":2,"minecraft:spectral_arrow":47,"minecraft:mossy_cobblestone":1,"irons_spellbooks:blaze_spell_book":1,"minecraft:polished_blackstone_pressure_plate":1,"minecraft:slime_block":27,"minecraft:soul_lantern":2,"minecraft:crossbow":1,"minecraft:emerald":17,"cisco_mod:brightsteel_ingot":4,"minecraft:netherrack":865,"relics:space_dissector":2,"iter_rpg:spawner_fragment":3,"byg:soapstone":24,"minecraft:azure_bluet":3,"nethersdelight:propelpearl":12,"minecraft:turtle_helmet":1,"minecraft:brown_mushroom":2,"byg:tall_pink_allium":6,"bygonenether:withered_debris":3,"quark:orange_shard":4,"minecraft:gold_block":111,"minecraft:shield":3,"minecraft:wooden_sword":3,"quark:yellow_shard":9,"minecraft:blackstone":89,"farmersdelight:straw":8,"minecraft:player_head":8,"minecraft:spruce_trapdoor":1,"minecraft:phantom_membrane":4,"minecraft:raw_iron":1,"bygonenether:cobbled_blackstone":30,"minecraft:bowl":12,"minecraft:polished_blackstone_bricks":40,"minecraft:arrow":30,"majruszsaccessories:lucky_rock":4,"minecraft:nether_bricks":112,"minecraft:saddle":1,"relics:reflection_necklace":2,"minecraft:nether_brick_wall":3,"forbidden_arcanus:spawner_scrap":5,"minecraft:skeleton_skull":2,"minecraft:basalt":517,"minecraft:crimson_stem":19,"minecraft:leather":9,"minecraft:yellow_glazed_terracotta":62,"minecraft:chainmail_chestplate":2,"byg:scoria_cobblestone":2563,"minecraft:red_carpet":8,"minecraft:red_nether_brick_stairs":7,"byg:allium_flower_bush":1,"minecraft:iron_ingot":1,"bygonenether:withered_coal_block":2,"minecraft:soul_sand":128,"minecraft:book":21,"minecraft:scaffolding":1,"bakery:strawberry":1,"waystones:mossy_waystone":1,"minecraft:quartz":32,"minecraft:dandelion":9,"minecraft:raw_iron_block":4,"minecraft:amethyst_shard":3,"undead_unleashed:grave_metal_scrap":6,"minecraft:blast_furnace":4,"minecraft:white_bed":5,"minecraft:nether_brick_slab":4,"byg:embur_pedu":101,"byg:tall_allium":8,"immersive_armors:wooden_chestplate":1,"minecraft:iron_helmet":1,"minecraft:coal":34,"minecraft:sunflower":1}},"DataVersion":3120}