{"stats":{"minecraft:mined":{"byg:red_oak_leaves":7,"minecraft:grass":1,"minecraft:oak_log":1,"minecraft:oak_planks":2},"minecraft:custom":{"minecraft:time_since_rest":63,"enigmaticlegacy:play_time_with_seven_curses":0,"minecraft:sprint_one_cm":43663,"minecraft:damage_taken":4782,"minecraft:walk_one_cm":57095,"minecraft:mob_kills":9,"minecraft:drop":4,"minecraft:damage_dealt":2946,"enigmaticlegacy:play_time_without_seven_curses":22629,"minecraft:interact_with_crafting_table":3,"minecraft:fly_one_cm":35643,"minecraft:open_chest":7,"minecraft:play_time":28746,"minecraft:deaths":15,"minecraft:sneak_time":51,"minecraft:jump":186,"minecraft:damage_dealt_resisted":0,"minecraft:leave_game":2,"minecraft:time_since_death":33,"minecraft:total_world_time":28746,"minecraft:damage_resisted":0,"minecraft:fall_one_cm":4500},"minecraft:dropped":{"byg:biomepedia":1,"ars_nouveau:worn_notebook":1,"alexsmobs:animal_dictionary":1,"patchouli:guide_book":1},"minecraft:killed_by":{"enemyexpansion:equestrian":14,"undead_unleashed:shadewraith":1},"minecraft:used":{"minecraft:apple":2,"minecraft:oak_planks":4,"minecraft:bow":3,"simplyswords:diamond_rapier":95,"minecraft:crafting_table":1,"alexsmobs:animal_dictionary":1},"minecraft:killed":{"minecraft:skeleton":3,"minecraft:zombie":1,"minecraft:stray":1,"minecraft:wither_skeleton":3},"minecraft:picked_up":{"minecraft:tipped_arrow":2,"irons_spellbooks:frozen_bone":5,"minecraft:oak_log":1,"undead_unleashed:grave_metal_scrap":1,"minecraft:bone":4,"minecraft:arrow":13,"minecraft:oak_planks":2}},"DataVersion":3120}