{"stats":{"minecraft:used":{"minecraft:diorite":23,"minecraft:stone_pickaxe":3066,"minecraft:oak_planks":20,"woodworks:oak_chest":3,"minecraft:wooden_pickaxe":59,"minecraft:wooden_shovel":128,"minecraft:torch":60,"minecraft:dirt":3,"minecraft:crafting_table":5,"farmersdelight:ratatouille":7,"minecraft:wooden_axe":2,"minecraft:iron_pickaxe":15,"minecraft:cobblestone":16,"minecraft:furnace":5,"minecraft:andesite":23},"minecraft:dropped":{"minecraft:gravel":48,"twigs:rhyolite":27,"minecraft:cobbled_deepslate":344,"minecraft:tuff":56,"minecraft:cobblestone":245,"minecraft:granite":84,"minecraft:stick":1,"minecraft:flint":16,"apotheosis:gem":4,"minecraft:wooden_shovel":1},"minecraft:custom":{"enigmaticlegacy:play_time_with_seven_curses":55806,"minecraft:interact_with_furnace":16,"lootr:looted_stat":1,"enigmaticlegacy:play_time_without_seven_curses":2324,"minecraft:interact_with_crafting_table":20,"goblintraders:trade_with_goblin":83,"minecraft:time_since_death":58130,"minecraft:time_since_rest":58130,"minecraft:sprint_one_cm":20984,"minecraft:damage_taken":139,"minecraft:walk_one_cm":98126,"minecraft:drop":27,"minecraft:fly_one_cm":23998,"minecraft:open_chest":9,"minecraft:crouch_one_cm":5315,"minecraft:play_time":58130,"minecraft:sneak_time":4948,"minecraft:jump":291,"minecraft:total_world_time":58130,"minecraft:fall_one_cm":2953},"minecraft:broken":{"minecraft:stone_pickaxe":21,"minecraft:wooden_shovel":1,"minecraft:wooden_pickaxe":1},"minecraft:crafted":{"minecraft:wooden_sword":1,"minecraft:oak_planks":88,"minecraft:emerald":16,"minecraft:crafting_table":1,"minecraft:wooden_pickaxe":1,"minecraft:furnace":5,"minecraft:copper_ingot":83,"minecraft:air":0,"minecraft:flint":64,"minecraft:stick":46,"minecraft:iron_ingot":35,"minecraft:iron_pickaxe":1,"minecraft:stone_pickaxe":17,"minecraft:wooden_axe":1,"galosphere:silver_ingot":4,"minecraft:torch":52},"minecraft:mined":{"minecraft:tuff":186,"minecraft:potted_lily_of_the_valley":1,"minecraft:glow_lichen":2,"byg:pink_allium_flower_bush":1,"minecraft:torch":1,"minecraft:granite":93,"minecraft:grass_block":3,"galosphere:silver_ore":3,"minecraft:copper_ore":34,"minecraft:deepslate_gold_ore":6,"minecraft:lapis_ore":3,"minecraft:diorite":126,"supplementaries:urn":2,"byg:soapstone":165,"forbidden_arcanus:xpetrified_ore":2,"minecraft:iron_ore":21,"minecraft:andesite":88,"minecraft:tnt":2,"minecraft:deepslate_lapis_ore":8,"minecraft:grass":3,"minecraft:bookshelf":7,"minecraft:oak_log":131,"minecraft:coal_ore":71,"minecraft:deepslate_iron_ore":3,"minecraft:gravel":64,"minecraft:dirt":65,"twigs:rhyolite":91,"minecraft:stone":808,"minecraft:deepslate":1432},"minecraft:picked_up":{"majruszsaccessories:tool_scraps":1,"byg:soapstone":3,"minecraft:flower_pot":1,"minecraft:andesite":88,"minecraft:flint":16,"minecraft:tuff":118,"minecraft:oak_log":131,"forbidden_arcanus:xpetrified_orb":2,"minecraft:lapis_lazuli":94,"minecraft:dirt":68,"minecraft:raw_copper":178,"minecraft:apple":2,"byg:red_oak_sapling":9,"minecraft:wheat_seeds":1,"minecraft:raw_gold":12,"minecraft:cobbled_deepslate":679,"byg:pink_allium_flower_bush":1,"galosphere:raw_silver":4,"twigs:twig":1,"minecraft:book":21,"minecraft:raw_iron":37,"apotheosis:gem":11,"minecraft:torch":7,"minecraft:gravel":80,"minecraft:diorite":124,"minecraft:redstone":8,"minecraft:lily_of_the_valley":1,"minecraft:tnt":2,"minecraft:diamond":1,"majruszsaccessories:lucky_rock":1,"minecraft:granite":93,"minecraft:emerald":2,"twigs:rhyolite":27,"minecraft:coal":105,"minecraft:cobblestone":812}},"DataVersion":3120}