{"stats":{"minecraft:used":{"minecraft:iron_shovel":208,"woodworks:oak_chest":4,"minecraft:wooden_shovel":128,"minecraft:torch":166,"minecraft:dirt":19,"simplyswords:diamond_rapier":364,"twigs:rhyolite":7,"minecraft:granite":25,"minecraft:wooden_axe":17,"minecraft:iron_axe":218,"ars_nouveau:green_archwood_sapling":2,"minecraft:bow":25,"minecraft:furnace":5,"minecraft:cobbled_deepslate":143,"minecraft:mossy_stone_bricks":6,"minecraft:diorite":23,"simplyswords:iron_rapier":9,"minecraft:stone_pickaxe":7942,"minecraft:oak_planks":104,"minecraft:wooden_pickaxe":59,"minecraft:cracked_stone_bricks":3,"minecraft:golden_apple":4,"minecraft:crafting_table":8,"farmersdelight:bacon_and_eggs":11,"farmersdelight:ratatouille":16,"minecraft:diamond_pickaxe":235,"minecraft:iron_pickaxe":985,"minecraft:cobblestone":16,"minecraft:andesite":23},"minecraft:dropped":{"minecraft:lapis_lazuli":64,"minecraft:crafting_table":1,"minecraft:cobblestone":388,"minecraft:prismarine_crystals":3,"minecraft:granite":124,"minecraft:stick":7,"minecraft:flint":16,"minecraft:dirt":366,"byg:pink_allium_flower_bush":8,"minecraft:diorite":161,"immersive_armors:wooden_leggings":2,"byg:soapstone":122,"minecraft:wooden_axe":2,"minecraft:chain":2,"simplyswords:iron_rapier":3,"forbidden_arcanus:darkstone":67,"immersive_armors:wooden_chestplate":2,"minecraft:iron_shovel":1,"iter_rpg:potsherd":1,"minecraft:smooth_basalt":48,"minecraft:redstone":32,"minecraft:gravel":58,"twigs:rhyolite":110,"minecraft:cobbled_deepslate":4497,"minecraft:raw_copper":40,"minecraft:bowl":6,"minecraft:tuff":516,"immersive_armors:wooden_boots":3,"minecraft:rotten_flesh":2,"byg:tall_allium":2,"minecraft:cobbled_deepslate_slab":12,"minecraft:andesite":99,"apotheosis:gem":5,"minecraft:wooden_shovel":1,"minecraft:stone_bricks":6,"minecraft:iron_bars":2,"minecraft:calcite":31,"immersive_armors:wooden_helmet":2},"minecraft:broken":{"minecraft:wooden_shovel":1,"minecraft:wooden_pickaxe":1,"minecraft:stone_pickaxe":56,"minecraft:iron_pickaxe":3},"minecraft:custom":{"enigmaticlegacy:play_time_with_seven_curses":183389,"lootr:looted_stat":6,"minecraft:mob_kills":23,"minecraft:interact_with_crafting_table":53,"minecraft:open_barrel":7,"goblintraders:trade_with_goblin":197,"minecraft:damage_dealt_resisted":0,"minecraft:leave_game":2,"minecraft:time_since_death":32846,"minecraft:damage_resisted":0,"minecraft:sprint_one_cm":228046,"minecraft:walk_one_cm":502256,"minecraft:drop":187,"minecraft:target_hit":1,"minecraft:deaths":10,"minecraft:play_time":186019,"minecraft:sneak_time":14541,"minecraft:walk_under_water_one_cm":17506,"minecraft:jump":1372,"minecraft:walk_on_water_one_cm":22344,"minecraft:total_world_time":186019,"minecraft:interact_with_furnace":20,"enigmaticlegacy:play_time_without_seven_curses":2324,"minecraft:time_since_rest":32878,"minecraft:damage_taken":3839,"minecraft:damage_absorbed":40,"minecraft:damage_dealt":8476,"minecraft:swim_one_cm":14469,"minecraft:fly_one_cm":190130,"minecraft:open_chest":22,"minecraft:crouch_one_cm":45885,"minecraft:fall_one_cm":24072},"minecraft:crafted":{"minecraft:wooden_sword":1,"minecraft:oak_planks":88,"minecraft:furnace":5,"minecraft:leather":1,"minecraft:stone_pickaxe":43,"galosphere:silver_ingot":4,"minecraft:copper_block":15,"minecraft:redstone_block":7,"minecraft:emerald":17,"minecraft:crafting_table":1,"minecraft:wooden_pickaxe":1,"minecraft:copper_ingot":248,"minecraft:gold_block":7,"minecraft:air":0,"minecraft:diamond_pickaxe":1,"minecraft:flint":64,"minecraft:stick":118,"minecraft:iron_ingot":127,"minecraft:iron_pickaxe":4,"minecraft:wooden_axe":1,"minecraft:iron_block":7,"minecraft:gold_ingot":111,"minecraft:torch":136,"minecraft:lapis_block":30,"minecraft:diamond_chestplate":1},"minecraft:mined":{"minecraft:large_amethyst_bud":1,"minecraft:red_carpet":6,"minecraft:tuff":580,"forbidden_arcanus:stella_arcanum":1,"minecraft:deepslate_diamond_ore":29,"minecraft:candle":1,"ars_nouveau:green_archwood_leaves":28,"minecraft:sea_lantern":6,"minecraft:budding_amethyst":5,"byg:pink_allium_flower_bush":2,"minecraft:glow_lichen":2,"minecraft:granite":166,"minecraft:grass_block":252,"minecraft:spawner":2,"minecraft:sculk_catalyst":1,"iter_rpg:small_vase":2,"minecraft:iron_ore":35,"minecraft:cobbled_deepslate":2,"minecraft:andesite":152,"minecraft:stripped_spruce_log":9,"minecraft:deepslate_lapis_ore":16,"bakery:strawberry_taiga":1,"iter_rpg:geodite":3,"minecraft:bookshelf":24,"minecraft:deepslate_iron_ore":15,"minecraft:iron_bars":2,"minecraft:stone":887,"iter_rpg:arcane_flower":5,"minecraft:spruce_slab":2,"minecraft:tripwire":6,"minecraft:deepslate_redstone_ore":1,"minecraft:redstone_block":1,"ars_nouveau:green_archwood_log":65,"minecraft:potted_lily_of_the_valley":1,"minecraft:torch":3,"minecraft:calcite":31,"iter_rpg:vase":1,"galosphere:silver_ore":5,"minecraft:copper_ore":34,"minecraft:cobblestone":3,"minecraft:deepslate_gold_ore":36,"minecraft:lapis_ore":3,"minecraft:oak_planks":2,"minecraft:cracked_deepslate_bricks":2,"minecraft:diorite":240,"minecraft:wall_torch":1,"minecraft:amethyst_block":23,"iter_rpg:arcane_flower_seeds":1,"minecraft:skeleton_skull":1,"supplementaries:urn":2,"minecraft:chain":2,"byg:soapstone":296,"forbidden_arcanus:darkstone":313,"forbidden_arcanus:xpetrified_ore":2,"iter_rpg:abyss_quartz":2,"celestisynth:lunar_stone":10,"minecraft:tnt":2,"minecraft:grass":145,"minecraft:oak_log":134,"minecraft:coal_ore":71,"minecraft:sunflower":1,"minecraft:gravel":86,"minecraft:dirt":143,"byg:tall_pink_allium":2,"minecraft:cobweb":5,"minecraft:smooth_basalt":24,"minecraft:cracked_stone_bricks":7,"twigs:rhyolite":263,"forbidden_arcanus:gilded_darkstone":1,"minecraft:stone_bricks":27,"byg:tall_allium":2,"minecraft:mossy_stone_bricks":7,"minecraft:oak_leaves":4,"minecraft:deepslate":5844},"minecraft:killed":{"minecraft:spider":6,"enemyexpansion:direwolf":2,"minecraft:skeleton":5,"minecraft:drowned":1,"aquaculture:atlantic_halibut":1,"majruszsdifficulty:cursed_armor":1,"minecraft:squid":1,"whisperwoods:zotzpyre":1,"minecraft:zombie":3,"undead_unleashed:shadewraith":1,"whisperwoods:moth":1},"minecraft:picked_up":{"minecraft:wooden_axe":1,"byg:soapstone":132,"minecraft:flower_pot":1,"minecraft:leather_leggings":1,"minecraft:potion":1,"simplyswords:iron_rapier":2,"minecraft:chain":2,"minecraft:amethyst_block":22,"forbidden_arcanus:xpetrified_orb":2,"minecraft:string":58,"minecraft:raw_copper":239,"minecraft:cracked_stone_bricks":5,"minecraft:cobbled_deepslate":3999,"celestisynth:lunar_stone":14,"byg:pink_allium_flower_bush":17,"immersive_armors:wooden_leggings":1,"minecraft:calcite":31,"minecraft:iron_pickaxe":1,"minecraft:spruce_slab":1,"minecraft:stick":5,"forbidden_arcanus:gilded_darkstone":1,"minecraft:raw_iron":98,"apotheosis:gem":16,"minecraft:bowl":3,"minecraft:torch":48,"minecraft:diorite":285,"minecraft:redstone":102,"minecraft:prismarine_crystals":3,"ars_nouveau:green_archwood_log":64,"minecraft:tnt":2,"immersive_armors:wooden_helmet":1,"minecraft:arrow":77,"minecraft:rotten_flesh":6,"majruszsaccessories:lucky_rock":2,"minecraft:cracked_deepslate_bricks":2,"iter_rpg:arcane_flower_seeds":1,"supplementaries:ash":1,"forbidden_arcanus:spawner_scrap":2,"minecraft:iron_bars":4,"minecraft:cobblestone":975,"majruszsaccessories:tool_scraps":2,"simplyswords:diamond_rapier":1,"minecraft:andesite":138,"minecraft:flint":16,"minecraft:tuff":630,"minecraft:oak_log":134,"minecraft:gunpowder":1,"minecraft:lapis_lazuli":327,"minecraft:dirt":310,"ars_nouveau:green_archwood_sapling":4,"minecraft:red_carpet":6,"minecraft:bone":54,"iter_rpg:arcane_flower":5,"minecraft:apple":4,"minecraft:stone_bricks":20,"minecraft:bow":1,"byg:red_oak_sapling":9,"minecraft:wheat_seeds":1,"minecraft:raw_gold":74,"minecraft:cobbled_deepslate_slab":6,"iter_rpg:potsherd":1,"minecraft:stone_pickaxe":1,"minecraft:mossy_stone_bricks":6,"galosphere:raw_silver":6,"twigs:twig":1,"apotheosis:gem_dust":1,"minecraft:oak_planks":6,"forbidden_arcanus:darkstone":67,"minecraft:book":72,"minecraft:smooth_basalt":48,"minecraft:gravel":90,"undead_unleashed:grave_metal_scrap":2,"minecraft:ink_sac":4,"iter_rpg:stone_geode":32,"minecraft:lily_of_the_valley":1,"farmersdelight:bacon_and_eggs":11,"minecraft:diamond":55,"byg:tall_allium":2,"immersive_armors:wooden_chestplate":1,"iter_rpg:abyssquartz_shard":4,"minecraft:granite":173,"minecraft:golden_apple":22,"minecraft:emerald":16,"twigs:rhyolite":117,"immersive_armors:wooden_boots":2,"minecraft:coal":198,"minecraft:diamond_pickaxe":1},"minecraft:killed_by":{"whisperwoods:zotzpyre":6,"minecraft:skeleton":2,"minecraft:zombie":1}},"DataVersion":3120}