{"stats":{"minecraft:custom":{"enigmaticlegacy:play_time_with_seven_curses":357523,"lootr:looted_stat":6,"minecraft:interact_with_crafting_table":71,"minecraft:open_barrel":7,"goblintraders:trade_with_goblin":214,"minecraft:leave_game":8,"minecraft:time_since_death":56674,"minecraft:damage_resisted":0,"minecraft:sprint_one_cm":631664,"minecraft:drop":209,"minecraft:talked_to_villager":4,"minecraft:play_time":373697,"minecraft:deaths":194,"minecraft:jump":3371,"minecraft:walk_on_water_one_cm":34306,"minecraft:interact_with_furnace":20,"minecraft:damage_dealt":89492,"minecraft:crouch_one_cm":62965,"minecraft:interact_with_anvil":2,"minecraft:mob_kills":319,"minecraft:damage_dealt_resisted":0,"minecraft:walk_one_cm":1392090,"minecraft:target_hit":1,"minecraft:sneak_time":18230,"minecraft:walk_under_water_one_cm":87955,"minecraft:total_world_time":373697,"enigmaticlegacy:play_time_without_seven_curses":2324,"minecraft:time_since_rest":56792,"minecraft:damage_taken":50740,"minecraft:damage_absorbed":66177,"minecraft:swim_one_cm":63131,"minecraft:fly_one_cm":846835,"minecraft:open_chest":130,"minecraft:fall_one_cm":75102},"minecraft:broken":{"minecraft:iron_shovel":1,"minecraft:wooden_shovel":1,"minecraft:stone_pickaxe":57,"aether:iron_gloves":1,"minecraft:wooden_pickaxe":1,"minecraft:iron_axe":1,"minecraft:iron_pickaxe":3},"minecraft:killed":{"enemyexpansion:equestrian":26,"minecraft:spider":10,"minecraft:skeleton":16,"minecraft:pig":3,"undead_unleashed:frenzied_knight":1,"enemyexpansion:meature":2,"minecraft:zombie":35,"undead_unleashed:shadewraith":2,"enemyexpansion:botfly":33,"minecraft:stray":9,"alexsmobs:fly":2,"undead_unleashed:haunter":2,"whisperwoods:moth":1,"majruszsdifficulty:illusioner":1,"enemyexpansion:direwolf":5,"minecraft:phantom":34,"minecraft:drowned":35,"alexsmobs:flying_fish":1,"minecraft:husk":10,"aquaculture:atlantic_halibut":1,"majruszsdifficulty:cursed_armor":1,"minecraft:squid":1,"whisperwoods:zotzpyre":1,"minecraft:wither_skeleton":4,"minecraft:enderman":1},"minecraft:killed_by":{"iter_rpg:water_elemental":2,"undead_unleashed:shadewraith":1,"minecraft:drowned":2,"undead_unleashed:haunter":1,"minecraft:zombie":13,"minecraft:husk":3,"minecraft:player":1,"minecraft:enderman":1,"whisperwoods:zotzpyre":6,"enemyexpansion:equestrian":132,"irons_spellbooks:necromancer":1,"minecraft:skeleton":3,"minecraft:phantom":19},"minecraft:crafted":{"minecraft:oak_planks":100,"ars_nouveau:archwood_planks":1140,"minecraft:melon_slice":24,"minecraft:copper_block":15,"galosphere:silver_ingot":4,"minecraft:emerald":17,"minecraft:crafting_table":1,"minecraft:wooden_pickaxe":1,"minecraft:copper_ingot":258,"minecraft:gold_block":7,"minecraft:iron_chestplate":1,"minecraft:diamond_pickaxe":1,"minecraft:stick":210,"minecraft:iron_ingot":147,"minecraft:iron_pickaxe":4,"minecraft:iron_block":14,"minecraft:gold_ingot":117,"minecraft:wooden_sword":1,"minecraft:furnace":5,"minecraft:leather":1,"minecraft:iron_axe":1,"minecraft:stone_pickaxe":58,"minecraft:redstone_block":7,"minecraft:air":0,"woodworks:oak_chest":1,"minecraft:flint":64,"minecraft:wooden_axe":1,"minecraft:torch":136,"minecraft:lapis_block":30,"minecraft:diamond_chestplate":1},"minecraft:picked_up":{"minecraft:wooden_axe":1,"minecraft:flower_pot":1,"minecraft:potion":1,"undead_unleashed:grave_metal_chestplate":1,"simplyswords:iron_rapier":2,"minecraft:amethyst_block":22,"forbidden_arcanus:xpetrified_orb":2,"minecraft:string":112,"minecraft:raw_copper":246,"minecraft:experience_bottle":1,"minecraft:cobbled_deepslate":3999,"bosses_of_mass_destruction:soul_star":1,"delightful:acorn":2,"twigs:pebble":2,"celestisynth:lunar_stone":14,"minecraft:calcite":37,"minecraft:ender_eye":2,"minecraft:iron_pickaxe":1,"farmersdelight:ratatouille":9,"minecraft:tipped_arrow":5,"minecraft:stick":5,"apotheosis:rare_material":15,"apotheosis:gem":25,"minecraft:torch":66,"minecraft:porkchop":7,"minecraft:diorite":290,"minecraft:stone_sword":1,"minecraft:rotten_flesh":166,"iter_rpg:arcane_flower_seeds":1,"supplementaries:ash":8,"minecraft:iron_bars":4,"alexsmobs:flying_fish":1,"minecraft:blaze_powder":3,"minecraft:cobblestone":1039,"majruszsaccessories:tool_scraps":4,"minecraft:andesite":140,"minecraft:potato":1,"minecraft:flint":28,"minecraft:tuff":633,"minecraft:wither_skeleton_skull":4,"minecraft:lapis_lazuli":352,"minecraft:dirt":329,"minecraft:glass":258,"minecraft:bone":83,"iter_rpg:arcane_flower":5,"farmersdelight:iron_knife":1,"minecraft:bow":4,"delightful:mini_melon":8,"minecraft:wheat_seeds":52,"minecraft:raw_gold":79,"minecraft:cobbled_deepslate_slab":6,"minecraft:mossy_stone_bricks":6,"apotheosis:mythic_material":1,"galosphere:raw_silver":8,"twigs:twig":51,"minecraft:oak_planks":12,"minecraft:ghast_tear":1,"irons_spellbooks:frozen_bone":30,"patchouli:guide_book":2,"minecraft:sand":9,"minecraft:ink_sac":4,"iter_rpg:stone_geode":33,"minecraft:grass_block":1,"minecraft:lily_of_the_valley":1,"forbidden_arcanus:ender_pearl_fragment":2,"immersive_armors:warrior_helmet":1,"minecraft:diamond":58,"iter_rpg:abyssquartz_shard":6,"minecraft:crossbow":1,"minecraft:granite":181,"minecraft:golden_apple":22,"minecraft:emerald":20,"alexsmobs:maggot":1,"minecraft:oak_sapling":7,"twigs:rhyolite":117,"cisco_mod:brightsteel_ingot":2,"minecraft:diamond_pickaxe":1,"byg:soapstone":132,"minecraft:clay_ball":15,"minecraft:leather_leggings":1,"byg:tall_pink_allium":10,"ars_nouveau:blue_archwood_sapling":7,"minecraft:gold_block":1,"minecraft:chain":2,"ars_nouveau:archwood_planks":348,"skilltree:wisdom_scroll":1,"minecraft:iron_axe":1,"minecraft:netherite_scrap":1,"minecraft:white_stained_glass":1,"minecraft:iron_shovel":1,"undead_unleashed:grave_metal_ingot":1,"minecraft:cracked_stone_bricks":5,"byg:pink_allium_flower_bush":17,"immersive_armors:wooden_leggings":1,"minecraft:player_head":9,"minecraft:spruce_slab":1,"minecraft:phantom_membrane":50,"forbidden_arcanus:gilded_darkstone":1,"minecraft:raw_iron":113,"minecraft:stone":12,"minecraft:copper_ingot":1,"minecraft:bowl":12,"ars_nouveau:blue_archwood_log":63,"immersive_armors:divine_leggings":2,"ars_nouveau:frostaya_pod":3,"minecraft:carrot":3,"origins:orb_of_origin":1,"minecraft:redstone":104,"minecraft:prismarine_crystals":3,"ars_nouveau:green_archwood_log":395,"minecraft:tnt":2,"immersive_armors:wooden_helmet":2,"minecraft:arrow":248,"majruszsaccessories:lucky_rock":2,"minecraft:cracked_deepslate_bricks":2,"forbidden_arcanus:spawner_scrap":4,"enemyexpansion:horsehead_helmet":1,"simplyswords:diamond_rapier":3,"minecraft:oak_log":209,"minecraft:gunpowder":1,"minecraft:red_carpet":6,"ars_nouveau:green_archwood_sapling":68,"minecraft:apple":9,"minecraft:stone_bricks":20,"byg:red_oak_sapling":14,"byg:allium_flower_bush":1,"iter_rpg:potsherd":1,"minecraft:iron_ingot":23,"minecraft:stone_pickaxe":1,"apotheosis:gem_dust":4,"iter_rpg:deepslate_geode":1,"forbidden_arcanus:darkstone":67,"minecraft:book":72,"enemyexpansion:phantom_eye":4,"minecraft:smooth_basalt":48,"minecraft:gravel":95,"enigmaticlegacy:enigmatic_amulet":1,"minecraft:amethyst_shard":3,"undead_unleashed:grave_metal_scrap":20,"minecraft:leather_helmet":1,"minecraft:spider_eye":1,"farmersdelight:bacon_and_eggs":25,"minecraft:slime_ball":28,"byg:tall_allium":6,"immersive_armors:wooden_chestplate":1,"undead_unleashed:grave_metal_axe":2,"immersive_armors:wooden_boots":2,"minecraft:coal":226,"enigmaticlegacy:magnet_ring":1,"minecraft:ender_pearl":2,"minecraft:sunflower":35},"minecraft:dropped":{"minecraft:lapis_lazuli":64,"minecraft:crafting_table":1,"minecraft:flint":16,"minecraft:emerald":4,"minecraft:dirt":366,"immersive_armors:wooden_leggings":2,"minecraft:chain":2,"minecraft:sunflower":1,"minecraft:phantom_membrane":6,"forbidden_arcanus:darkstone":67,"immersive_armors:wooden_chestplate":2,"minecraft:gravel":58,"minecraft:cobbled_deepslate":4497,"immersive_armors:wooden_boots":3,"minecraft:rotten_flesh":2,"minecraft:oak_planks":4,"minecraft:carrot":1,"apotheosis:gem":5,"minecraft:iron_bars":2,"minecraft:iron_ingot":22,"minecraft:cobblestone":388,"minecraft:prismarine_crystals":3,"minecraft:apple":4,"minecraft:granite":124,"minecraft:stick":7,"byg:pink_allium_flower_bush":8,"origins:orb_of_origin":1,"galosphere:raw_silver":2,"minecraft:diorite":161,"byg:soapstone":122,"minecraft:wooden_axe":2,"forbidden_arcanus:spawner_scrap":2,"delightful:acorn":2,"simplyswords:iron_rapier":3,"minecraft:iron_axe":1,"minecraft:iron_shovel":1,"minecraft:string":5,"iter_rpg:potsherd":1,"minecraft:smooth_basalt":48,"minecraft:redstone":32,"twigs:rhyolite":110,"minecraft:raw_copper":40,"minecraft:bowl":6,"majruszsaccessories:tool_scraps":1,"ars_nouveau:archwood_planks":312,"minecraft:tuff":516,"byg:tall_allium":2,"minecraft:cobbled_deepslate_slab":12,"minecraft:andesite":99,"minecraft:wooden_shovel":1,"minecraft:stone_bricks":6,"byg:tall_pink_allium":1,"minecraft:calcite":31,"immersive_armors:wooden_helmet":2},"minecraft:used":{"minecraft:iron_shovel":471,"simplyswords:diamond_rapier":1442,"minecraft:carrot":1,"undead_unleashed:grave_metal_axe":71,"minecraft:grass_block":1,"byg:red_oak_sapling":5,"ars_nouveau:green_archwood_sapling":20,"minecraft:bow":94,"minecraft:furnace":5,"ars_nouveau:green_archwood_log":2,"minecraft:mossy_stone_bricks":6,"minecraft:diorite":23,"ars_nouveau:blue_archwood_sapling":7,"simplyswords:iron_rapier":9,"minecraft:stone_pickaxe":8126,"minecraft:oak_planks":112,"minecraft:wooden_pickaxe":59,"minecraft:golden_apple":15,"ars_nouveau:archwood_planks":1403,"simplyswords:watcher_claymore":621,"farmersdelight:ratatouille":16,"minecraft:andesite":23,"woodworks:oak_chest":11,"minecraft:wooden_shovel":128,"minecraft:torch":197,"minecraft:dirt":19,"minecraft:anvil":1,"twigs:rhyolite":7,"minecraft:granite":29,"minecraft:wooden_axe":17,"minecraft:iron_axe":579,"minecraft:cooked_beef":16,"minecraft:cobbled_deepslate":143,"minecraft:water_bucket":1,"minecraft:cracked_stone_bricks":3,"minecraft:crafting_table":8,"byg:tall_pink_allium":1,"farmersdelight:bacon_and_eggs":16,"minecraft:diamond_pickaxe":238,"minecraft:sunflower":1,"minecraft:iron_pickaxe":987,"minecraft:cobblestone":16,"minecraft:bucket":2},"minecraft:mined":{"minecraft:large_amethyst_bud":1,"minecraft:granite":168,"minecraft:budding_amethyst":5,"minecraft:grass_block":253,"minecraft:spawner":2,"minecraft:sculk_catalyst":1,"minecraft:fire":5,"minecraft:iron_ore":35,"minecraft:cobbled_deepslate":2,"minecraft:deepslate_lapis_ore":16,"bakery:strawberry_taiga":1,"minecraft:iron_bars":2,"minecraft:spruce_slab":2,"iter_rpg:arcane_flower":5,"minecraft:tripwire":6,"minecraft:deepslate_redstone_ore":1,"byg:white_sand":262,"minecraft:torch":18,"minecraft:calcite":31,"galosphere:silver_ore":5,"minecraft:cobblestone":3,"minecraft:oak_planks":5,"minecraft:wall_torch":1,"iter_rpg:arcane_flower_seeds":1,"minecraft:amethyst_block":23,"minecraft:skeleton_skull":1,"minecraft:chain":2,"byg:soapstone":296,"forbidden_arcanus:darkstone":313,"ars_nouveau:archwood_planks":16,"minecraft:tnt":2,"celestisynth:lunar_stone":10,"minecraft:grass":287,"minecraft:oak_log":209,"delightful:mini_melon":8,"minecraft:dirt":144,"minecraft:smooth_basalt":24,"twigs:rhyolite":263,"minecraft:oak_leaves":4,"minecraft:deepslate":5844,"minecraft:tuff":580,"minecraft:red_carpet":6,"forbidden_arcanus:stella_arcanum":1,"minecraft:deepslate_diamond_ore":29,"minecraft:candle":1,"ars_nouveau:green_archwood_leaves":28,"minecraft:sea_lantern":6,"byg:pink_allium_flower_bush":3,"minecraft:glow_lichen":2,"iter_rpg:small_vase":2,"minecraft:andesite":152,"minecraft:stripped_spruce_log":9,"minecraft:bookshelf":24,"iter_rpg:geodite":3,"minecraft:deepslate_iron_ore":15,"minecraft:stone":1071,"twigs:pebble":2,"minecraft:redstone_block":1,"ars_nouveau:green_archwood_log":336,"minecraft:potted_lily_of_the_valley":1,"iter_rpg:vase":1,"minecraft:copper_ore":34,"minecraft:lapis_ore":3,"minecraft:deepslate_gold_ore":36,"minecraft:cracked_deepslate_bricks":2,"minecraft:diorite":240,"supplementaries:urn":2,"ars_nouveau:blue_archwood_log":63,"forbidden_arcanus:xpetrified_ore":2,"iter_rpg:abyss_quartz":2,"minecraft:coal_ore":72,"minecraft:sunflower":36,"minecraft:gravel":86,"byg:tall_pink_allium":12,"minecraft:cobweb":24,"minecraft:cracked_stone_bricks":7,"forbidden_arcanus:gilded_darkstone":1,"minecraft:stone_bricks":27,"byg:tall_allium":7,"minecraft:mossy_stone_bricks":7,"minecraft:fern":6}},"DataVersion":3120}