{"stats":{"minecraft:used":{"minecraft:diorite":23,"simplyswords:iron_rapier":8,"minecraft:stone_pickaxe":5659,"minecraft:oak_planks":20,"woodworks:oak_chest":3,"minecraft:wooden_pickaxe":59,"minecraft:wooden_shovel":128,"minecraft:torch":100,"simplyswords:diamond_rapier":204,"minecraft:dirt":3,"minecraft:crafting_table":6,"twigs:rhyolite":6,"minecraft:wooden_axe":17,"farmersdelight:ratatouille":16,"minecraft:diamond_pickaxe":208,"minecraft:iron_pickaxe":860,"minecraft:cobblestone":16,"minecraft:furnace":5,"minecraft:andesite":23,"minecraft:cobbled_deepslate":45},"minecraft:dropped":{"twigs:rhyolite":27,"minecraft:gravel":48,"minecraft:cobbled_deepslate":2954,"minecraft:bowl":3,"minecraft:tuff":290,"immersive_armors:wooden_boots":1,"minecraft:prismarine_crystals":3,"minecraft:cobblestone":306,"minecraft:granite":84,"minecraft:stick":1,"minecraft:flint":16,"immersive_armors:wooden_leggings":1,"minecraft:andesite":98,"apotheosis:gem":4,"minecraft:wooden_shovel":1,"minecraft:stone_bricks":6,"simplyswords:iron_rapier":1,"forbidden_arcanus:darkstone":67,"immersive_armors:wooden_chestplate":1,"immersive_armors:wooden_helmet":1},"minecraft:custom":{"enigmaticlegacy:play_time_with_seven_curses":99695,"minecraft:interact_with_furnace":16,"lootr:looted_stat":2,"minecraft:mob_kills":3,"enigmaticlegacy:play_time_without_seven_curses":2324,"minecraft:interact_with_crafting_table":38,"minecraft:open_barrel":4,"goblintraders:trade_with_goblin":154,"minecraft:damage_dealt_resisted":0,"minecraft:leave_game":2,"minecraft:time_since_death":102019,"minecraft:time_since_rest":102019,"minecraft:sprint_one_cm":59537,"minecraft:damage_taken":199,"minecraft:walk_one_cm":196985,"minecraft:drop":89,"minecraft:damage_dealt":2761,"minecraft:swim_one_cm":5502,"minecraft:fly_one_cm":51726,"minecraft:open_chest":9,"minecraft:crouch_one_cm":10031,"minecraft:play_time":102019,"minecraft:sneak_time":6446,"minecraft:walk_under_water_one_cm":4938,"minecraft:jump":562,"minecraft:walk_on_water_one_cm":9540,"minecraft:total_world_time":102019,"minecraft:fall_one_cm":6219},"minecraft:broken":{"minecraft:stone_pickaxe":39,"minecraft:wooden_shovel":1,"minecraft:iron_pickaxe":3,"minecraft:wooden_pickaxe":1},"minecraft:crafted":{"minecraft:wooden_sword":1,"minecraft:oak_planks":88,"minecraft:emerald":16,"minecraft:crafting_table":1,"minecraft:wooden_pickaxe":1,"minecraft:furnace":5,"minecraft:copper_ingot":143,"minecraft:gold_block":7,"minecraft:air":0,"minecraft:diamond_pickaxe":1,"minecraft:stick":106,"minecraft:flint":64,"minecraft:iron_ingot":77,"minecraft:iron_pickaxe":4,"minecraft:stone_pickaxe":37,"minecraft:wooden_axe":1,"minecraft:iron_block":7,"minecraft:gold_ingot":60,"minecraft:copper_block":15,"galosphere:silver_ingot":4,"minecraft:torch":72,"minecraft:lapis_block":24,"minecraft:diamond_chestplate":1},"minecraft:mined":{"minecraft:deepslate_redstone_ore":1,"minecraft:tuff":389,"minecraft:deepslate_diamond_ore":22,"minecraft:potted_lily_of_the_valley":1,"minecraft:sea_lantern":6,"minecraft:glow_lichen":2,"byg:pink_allium_flower_bush":1,"minecraft:torch":2,"minecraft:granite":93,"minecraft:grass_block":3,"galosphere:silver_ore":3,"minecraft:copper_ore":34,"minecraft:cobblestone":2,"minecraft:lapis_ore":3,"minecraft:deepslate_gold_ore":23,"minecraft:diorite":126,"minecraft:spawner":1,"supplementaries:urn":2,"minecraft:chain":2,"byg:soapstone":165,"forbidden_arcanus:darkstone":313,"forbidden_arcanus:xpetrified_ore":2,"minecraft:iron_ore":21,"minecraft:andesite":88,"minecraft:tnt":2,"celestisynth:lunar_stone":10,"minecraft:deepslate_lapis_ore":16,"minecraft:iron_bars":2,"minecraft:grass":3,"minecraft:bookshelf":23,"minecraft:coal_ore":71,"minecraft:oak_log":131,"minecraft:deepslate_iron_ore":9,"minecraft:gravel":64,"minecraft:dirt":65,"minecraft:cracked_stone_bricks":2,"twigs:rhyolite":148,"forbidden_arcanus:gilded_darkstone":1,"minecraft:stone":808,"minecraft:stone_bricks":6,"minecraft:mossy_stone_bricks":1,"minecraft:spruce_slab":1,"minecraft:deepslate":4414},"minecraft:killed":{"minecraft:skeleton":1,"minecraft:zombie":2},"minecraft:picked_up":{"majruszsaccessories:tool_scraps":1,"byg:soapstone":3,"minecraft:flower_pot":1,"minecraft:andesite":137,"minecraft:flint":16,"minecraft:tuff":329,"minecraft:oak_log":131,"minecraft:dirt":68,"forbidden_arcanus:xpetrified_orb":2,"minecraft:lapis_lazuli":265,"minecraft:raw_copper":208,"minecraft:bone":26,"minecraft:stone_bricks":6,"minecraft:apple":2,"minecraft:cracked_stone_bricks":2,"byg:red_oak_sapling":9,"minecraft:wheat_seeds":1,"minecraft:raw_gold":46,"minecraft:cobbled_deepslate":2624,"celestisynth:lunar_stone":14,"byg:pink_allium_flower_bush":1,"minecraft:spruce_slab":1,"apotheosis:gem_dust":1,"galosphere:raw_silver":4,"twigs:twig":1,"minecraft:oak_planks":4,"forbidden_arcanus:darkstone":67,"minecraft:book":69,"forbidden_arcanus:gilded_darkstone":1,"minecraft:raw_iron":63,"apotheosis:gem":14,"minecraft:torch":8,"minecraft:gravel":80,"minecraft:rotten_flesh":4,"minecraft:diorite":124,"minecraft:lily_of_the_valley":1,"minecraft:redstone":78,"minecraft:prismarine_crystals":3,"minecraft:tnt":2,"minecraft:arrow":18,"minecraft:diamond":39,"majruszsaccessories:lucky_rock":2,"minecraft:granite":93,"minecraft:emerald":10,"minecraft:iron_bars":2,"forbidden_arcanus:spawner_scrap":1,"twigs:rhyolite":33,"minecraft:coal":159,"minecraft:cobblestone":814}},"DataVersion":3120}