{"stats":{"minecraft:killed":{"minecraft:spider":11,"enemyexpansion:equestrian":26,"minecraft:skeleton":19,"minecraft:pig":5,"undead_unleashed:frenzied_knight":1,"enemyexpansion:meature":2,"minecraft:zombie":37,"undead_unleashed:shadewraith":2,"enemyexpansion:botfly":33,"minecraft:stray":9,"alexsmobs:fly":2,"undead_unleashed:haunter":2,"whisperwoods:moth":1,"majruszsdifficulty:illusioner":1,"enemyexpansion:direwolf":6,"minecraft:phantom":45,"minecraft:drowned":35,"enemyexpansion:goblin":1,"alexsmobs:flying_fish":1,"minecraft:husk":10,"aquaculture:atlantic_halibut":1,"majruszsdifficulty:cursed_armor":1,"minecraft:squid":1,"whisperwoods:zotzpyre":1,"minecraft:wither_skeleton":4,"minecraft:enderman":2},"minecraft:custom":{"enigmaticlegacy:play_time_with_seven_curses":530151,"lootr:looted_stat":8,"minecraft:animals_bred":15,"minecraft:interact_with_crafting_table":110,"minecraft:open_barrel":7,"goblintraders:trade_with_goblin":214,"minecraft:leave_game":10,"minecraft:time_since_death":18614,"minecraft:damage_resisted":0,"minecraft:sprint_one_cm":1041667,"minecraft:drop":361,"minecraft:talked_to_villager":4,"minecraft:play_time":546823,"minecraft:deaths":206,"minecraft:jump":4609,"minecraft:walk_on_water_one_cm":38630,"minecraft:interact_with_furnace":244,"minecraft:damage_dealt":96953,"minecraft:crouch_one_cm":136611,"minecraft:interact_with_anvil":3,"minecraft:mob_kills":341,"minecraft:damage_dealt_resisted":0,"minecraft:walk_one_cm":1970753,"minecraft:damage_dealt_absorbed":79,"minecraft:target_hit":1,"minecraft:sneak_time":33243,"minecraft:walk_under_water_one_cm":92378,"minecraft:total_world_time":546823,"enigmaticlegacy:play_time_without_seven_curses":2324,"minecraft:time_since_rest":18645,"minecraft:damage_taken":56097,"minecraft:damage_absorbed":66200,"minecraft:swim_one_cm":67014,"minecraft:fly_one_cm":1052206,"minecraft:open_chest":217,"minecraft:fall_one_cm":91635},"minecraft:broken":{"minecraft:iron_shovel":1,"minecraft:wooden_shovel":1,"minecraft:stone_pickaxe":71,"aether:iron_gloves":1,"minecraft:wooden_pickaxe":1,"minecraft:iron_axe":1,"minecraft:iron_pickaxe":8},"minecraft:dropped":{"minecraft:lapis_lazuli":64,"minecraft:crafting_table":1,"minecraft:cracked_stone_bricks":1,"minecraft:emerald":4,"minecraft:flint":33,"twigs:pebble":93,"minecraft:dirt":395,"immersive_armors:wooden_leggings":2,"minecraft:chain":2,"minecraft:sunflower":1,"minecraft:phantom_membrane":6,"forbidden_arcanus:darkstone":67,"minecraft:iron_pickaxe":2,"immersive_armors:wooden_chestplate":2,"minecraft:bone":8,"minecraft:gravel":92,"minecraft:cobbled_deepslate":5164,"immersive_armors:wooden_boots":3,"minecraft:rotten_flesh":2,"minecraft:oak_planks":5,"minecraft:carrot":1,"apotheosis:gem":5,"minecraft:iron_bars":2,"majruszsaccessories:lucky_rock":1,"minecraft:iron_ingot":22,"minecraft:bread":1,"minecraft:wheat_seeds":5,"minecraft:cobblestone":689,"minecraft:prismarine_crystals":3,"minecraft:apple":4,"minecraft:granite":124,"minecraft:coal":3,"minecraft:stick":23,"byg:pink_allium_flower_bush":8,"origins:orb_of_origin":1,"galosphere:raw_silver":2,"minecraft:diorite":161,"byg:soapstone":122,"minecraft:wooden_axe":2,"forbidden_arcanus:spawner_scrap":2,"delightful:acorn":2,"simplyswords:iron_rapier":3,"minecraft:iron_axe":1,"minecraft:iron_shovel":1,"minecraft:string":5,"iter_rpg:potsherd":1,"minecraft:smooth_basalt":48,"minecraft:redstone":42,"twigs:rhyolite":110,"minecraft:raw_copper":46,"minecraft:bowl":6,"majruszsaccessories:tool_scraps":1,"ars_nouveau:archwood_planks":312,"minecraft:tuff":516,"minecraft:raw_iron":1,"byg:tall_allium":2,"minecraft:clay_ball":15,"minecraft:cobbled_deepslate_slab":12,"enemyexpansion:phantom_eye":5,"minecraft:andesite":99,"minecraft:mossy_stone_bricks":1,"minecraft:wooden_shovel":1,"minecraft:stone_bricks":7,"minecraft:slime_ball":4,"byg:tall_pink_allium":1,"minecraft:calcite":31,"immersive_armors:wooden_helmet":2},"minecraft:mined":{"minecraft:large_amethyst_bud":1,"minecraft:obsidian":49,"minecraft:granite":372,"minecraft:budding_amethyst":5,"minecraft:grass_block":336,"minecraft:spawner":2,"minecraft:smooth_stone":20,"minecraft:sculk_catalyst":1,"minecraft:fire":13,"minecraft:iron_ore":53,"minecraft:cobbled_deepslate":13,"minecraft:deepslate_lapis_ore":16,"bakery:strawberry_taiga":7,"minecraft:iron_bars":2,"minecraft:spruce_slab":2,"iter_rpg:arcane_flower":5,"minecraft:tripwire":6,"minecraft:deepslate_redstone_ore":1,"byg:white_sand":274,"minecraft:torch":22,"minecraft:calcite":31,"galosphere:silver_ore":5,"minecraft:cobblestone":13,"minecraft:oak_planks":10,"minecraft:wall_torch":9,"iter_rpg:arcane_flower_seeds":1,"minecraft:amethyst_block":23,"minecraft:skeleton_skull":1,"minecraft:chain":2,"byg:soapstone":324,"forbidden_arcanus:darkstone":316,"ars_nouveau:archwood_planks":18,"minecraft:tnt":2,"celestisynth:lunar_stone":10,"minecraft:grass":366,"minecraft:oak_log":212,"delightful:mini_melon":8,"minecraft:dirt":214,"minecraft:smooth_basalt":24,"twigs:rhyolite":263,"minecraft:oak_leaves":8,"minecraft:deepslate":6813,"minecraft:tuff":597,"minecraft:red_carpet":6,"forbidden_arcanus:stella_arcanum":1,"minecraft:deepslate_diamond_ore":31,"minecraft:candle":1,"ars_nouveau:green_archwood_leaves":28,"minecraft:sea_lantern":6,"byg:pink_allium_flower_bush":6,"minecraft:glow_lichen":2,"forbidden_arcanus:deepslate_arcane_crystal_ore":4,"minecraft:carrots":25,"minecraft:furnace":2,"iter_rpg:small_vase":2,"minecraft:andesite":152,"byg:allium_flower_bush":1,"minecraft:stripped_spruce_log":9,"minecraft:bookshelf":24,"iter_rpg:geodite":4,"minecraft:deepslate_iron_ore":22,"minecraft:stone":4011,"twigs:pebble":2,"minecraft:redstone_block":1,"ars_nouveau:green_archwood_log":338,"minecraft:potted_lily_of_the_valley":1,"supplementaries:gold_gate":5,"minecraft:basalt":1,"iter_rpg:vase":1,"minecraft:copper_ore":34,"minecraft:tall_grass":2,"minecraft:lapis_ore":3,"minecraft:deepslate_gold_ore":45,"minecraft:cracked_deepslate_bricks":2,"minecraft:diorite":315,"supplementaries:cage":2,"supplementaries:urn":2,"ars_nouveau:blue_archwood_log":63,"forbidden_arcanus:xpetrified_ore":3,"iter_rpg:abyss_quartz":3,"minecraft:coal_ore":348,"minecraft:sunflower":36,"minecraft:gravel":255,"byg:tall_pink_allium":14,"minecraft:cobweb":29,"minecraft:cracked_stone_bricks":8,"forbidden_arcanus:gilded_darkstone":1,"minecraft:stone_bricks":28,"byg:tall_allium":8,"minecraft:mossy_stone_bricks":9,"minecraft:fern":7},"minecraft:picked_up":{"minecraft:wooden_axe":1,"irons_spellbooks:scroll":1,"minecraft:flower_pot":1,"minecraft:potion":1,"undead_unleashed:grave_metal_chestplate":1,"simplyswords:iron_rapier":2,"minecraft:amethyst_block":22,"forbidden_arcanus:xpetrified_orb":3,"minecraft:string":117,"apotheosis:epic_material":1,"minecraft:raw_copper":262,"minecraft:experience_bottle":1,"irons_spellbooks:arcane_essence":4,"minecraft:smooth_stone":15,"minecraft:cobbled_deepslate":4885,"bosses_of_mass_destruction:soul_star":2,"twigs:pebble":122,"delightful:acorn":2,"celestisynth:lunar_stone":14,"minecraft:calcite":39,"minecraft:ender_eye":2,"minecraft:iron_pickaxe":1,"farmersdelight:ratatouille":9,"minecraft:furnace":2,"minecraft:tipped_arrow":5,"minecraft:stick":7,"apotheosis:rare_material":15,"apotheosis:gem":30,"irons_spellbooks:wandering_magician_boots":1,"minecraft:torch":78,"minecraft:porkchop":14,"minecraft:diorite":367,"minecraft:stone_sword":1,"minecraft:rotten_flesh":170,"iter_rpg:arcane_flower_seeds":1,"supplementaries:ash":8,"minecraft:obsidian":21,"minecraft:iron_bars":4,"minecraft:blaze_powder":3,"alexsmobs:flying_fish":1,"minecraft:cobblestone":3656,"majruszsaccessories:tool_scraps":5,"minecraft:andesite":140,"minecraft:potato":1,"minecraft:flint":55,"minecraft:tuff":637,"minecraft:wither_skeleton_skull":4,"minecraft:lapis_lazuli":486,"minecraft:dirt":511,"minecraft:name_tag":1,"minecraft:glass":258,"minecraft:bone":112,"iter_rpg:arcane_flower":5,"farmersdelight:iron_knife":1,"minecraft:bow":4,"delightful:mini_melon":8,"minecraft:wheat_seeds":85,"minecraft:raw_gold":114,"minecraft:cobbled_deepslate_slab":6,"minecraft:mossy_stone_bricks":8,"apotheosis:mythic_material":1,"galosphere:raw_silver":8,"twigs:twig":52,"minecraft:oak_planks":26,"minecraft:ghast_tear":1,"irons_spellbooks:frozen_bone":30,"patchouli:guide_book":2,"minecraft:sand":9,"minecraft:ink_sac":4,"minecraft:grass_block":1,"minecraft:lily_of_the_valley":1,"iter_rpg:stone_geode":39,"forbidden_arcanus:ender_pearl_fragment":5,"immersive_armors:warrior_helmet":1,"minecraft:diamond":75,"iter_rpg:abyssquartz_shard":6,"minecraft:crossbow":1,"minecraft:granite":385,"minecraft:golden_apple":22,"minecraft:emerald":38,"alexsmobs:maggot":1,"minecraft:oak_sapling":8,"twigs:rhyolite":117,"cisco_mod:brightsteel_ingot":2,"minecraft:diamond_pickaxe":1,"byg:soapstone":160,"minecraft:clay_ball":30,"minecraft:leather_leggings":1,"byg:tall_pink_allium":12,"ars_nouveau:blue_archwood_sapling":7,"minecraft:gold_block":1,"minecraft:chain":2,"byg:white_sand":13,"ars_nouveau:archwood_planks":352,"minecraft:iron_axe":1,"skilltree:wisdom_scroll":1,"minecraft:netherite_scrap":1,"minecraft:white_stained_glass":1,"minecraft:iron_shovel":1,"undead_unleashed:grave_metal_ingot":1,"minecraft:cracked_stone_bricks":6,"byg:pink_allium_flower_bush":21,"immersive_armors:wooden_leggings":1,"minecraft:player_head":9,"minecraft:spruce_slab":1,"supplementaries:cage":2,"minecraft:phantom_membrane":58,"forbidden_arcanus:gilded_darkstone":1,"minecraft:raw_iron":153,"minecraft:stone":14,"minecraft:copper_ingot":1,"minecraft:bowl":12,"ars_nouveau:blue_archwood_log":63,"immersive_armors:divine_leggings":2,"ars_nouveau:frostaya_pod":3,"minecraft:carrot":170,"origins:orb_of_origin":1,"minecraft:redstone":155,"minecraft:prismarine_crystals":3,"ars_nouveau:green_archwood_log":397,"minecraft:tnt":2,"immersive_armors:wooden_helmet":2,"minecraft:arrow":289,"majruszsaccessories:lucky_rock":4,"minecraft:cracked_deepslate_bricks":2,"sophisticatedbackpacks:copper_backpack":1,"forbidden_arcanus:spawner_scrap":4,"minecraft:basalt":1,"enemyexpansion:horsehead_helmet":1,"simplyswords:diamond_rapier":3,"minecraft:oak_log":212,"minecraft:gunpowder":1,"minecraft:red_carpet":6,"ars_nouveau:green_archwood_sapling":68,"minecraft:apple":9,"minecraft:stone_bricks":21,"byg:red_oak_sapling":14,"byg:allium_flower_bush":2,"iter_rpg:potsherd":1,"minecraft:iron_ingot":23,"minecraft:stone_pickaxe":1,"supplementaries:gold_gate":5,"apotheosis:gem_dust":5,"minecraft:iron_sword":1,"iter_rpg:deepslate_geode":1,"forbidden_arcanus:darkstone":67,"minecraft:book":72,"bakery:strawberry":1,"enemyexpansion:phantom_eye":12,"minecraft:smooth_basalt":48,"minecraft:gravel":202,"enigmaticlegacy:enigmatic_amulet":1,"minecraft:amethyst_shard":6,"undead_unleashed:grave_metal_scrap":20,"minecraft:spider_eye":1,"farmersdelight:bacon_and_eggs":25,"minecraft:leather_helmet":1,"forbidden_arcanus:arcane_crystal":6,"minecraft:slime_ball":34,"byg:tall_allium":7,"immersive_armors:wooden_chestplate":1,"undead_unleashed:grave_metal_axe":2,"immersive_armors:wooden_boots":2,"minecraft:coal":670,"enigmaticlegacy:magnet_ring":1,"minecraft:ender_pearl":3,"minecraft:sunflower":35},"minecraft:killed_by":{"iter_rpg:water_elemental":2,"undead_unleashed:shadewraith":1,"minecraft:drowned":2,"undead_unleashed:haunter":1,"minecraft:zombie":13,"majruszsdifficulty:cursed_armor":1,"minecraft:husk":3,"minecraft:player":1,"minecraft:enderman":10,"whisperwoods:zotzpyre":6,"enemyexpansion:equestrian":132,"irons_spellbooks:necromancer":1,"minecraft:skeleton":4,"minecraft:phantom":20},"minecraft:used":{"minecraft:iron_shovel":471,"minecraft:diamond_hoe":67,"undead_unleashed:grave_metal_sword":105,"simplyswords:diamond_rapier":1579,"minecraft:carrot":112,"undead_unleashed:grave_metal_axe":80,"minecraft:tuff":1,"minecraft:grass_block":1,"byg:red_oak_sapling":5,"ars_nouveau:green_archwood_sapling":20,"minecraft:bow":128,"minecraft:furnace":26,"ars_nouveau:green_archwood_log":2,"minecraft:mossy_stone_bricks":7,"minecraft:diorite":23,"byg:white_sand":1,"ars_nouveau:blue_archwood_sapling":7,"simplyswords:iron_rapier":9,"minecraft:stone_pickaxe":10721,"minecraft:oak_planks":116,"minecraft:wooden_pickaxe":59,"minecraft:golden_apple":15,"ars_nouveau:archwood_planks":1451,"simplyswords:watcher_claymore":621,"farmersdelight:ratatouille":16,"minecraft:melon_slice":6,"supplementaries:gold_gate":11,"minecraft:gravel":26,"minecraft:andesite":23,"minecraft:bone_meal":79,"minecraft:oak_fence":72,"woodworks:oak_chest":13,"minecraft:wooden_shovel":128,"minecraft:torch":348,"minecraft:dirt":37,"minecraft:anvil":2,"twigs:rhyolite":7,"minecraft:granite":41,"minecraft:wooden_axe":17,"minecraft:iron_axe":579,"minecraft:cooked_beef":40,"minecraft:cobbled_deepslate":178,"minecraft:water_bucket":10,"minecraft:cracked_stone_bricks":3,"minecraft:crafting_table":11,"byg:tall_pink_allium":2,"farmersdelight:bacon_and_eggs":16,"minecraft:diamond_pickaxe":554,"supplementaries:cage":7,"minecraft:sunflower":1,"minecraft:iron_pickaxe":2975,"minecraft:cobblestone":140,"minecraft:cooked_porkchop":7,"minecraft:bucket":11,"minecraft:smooth_stone":1014},"minecraft:crafted":{"minecraft:smooth_stone":1048,"minecraft:oak_planks":208,"ars_nouveau:archwood_planks":1140,"minecraft:melon_slice":24,"minecraft:stone":429,"minecraft:copper_block":30,"galosphere:silver_ingot":4,"minecraft:oak_fence":96,"minecraft:oak_slab":24,"minecraft:emerald":17,"minecraft:cooked_porkchop":7,"minecraft:crafting_table":3,"minecraft:wooden_pickaxe":1,"supplementaries:cage":8,"minecraft:copper_ingot":281,"minecraft:gold_block":14,"minecraft:iron_chestplate":1,"minecraft:diamond_pickaxe":1,"minecraft:stick":270,"minecraft:iron_ingot":213,"minecraft:iron_pickaxe":11,"minecraft:iron_block":14,"minecraft:gold_ingot":145,"minecraft:wooden_sword":1,"minecraft:iron_nugget":9,"forbidden_arcanus:rotten_leather":1,"minecraft:furnace":24,"minecraft:bone_meal":144,"minecraft:leather":2,"minecraft:iron_axe":1,"minecraft:stone_pickaxe":58,"minecraft:redstone_block":7,"undead_unleashed:grave_metal_ingot":1,"sophisticatedbackpacks:gold_backpack":1,"minecraft:air":0,"supplementaries:gold_gate":2,"woodworks:oak_chest":3,"minecraft:white_wool":16,"minecraft:gold_nugget":18,"minecraft:flint":64,"minecraft:wooden_axe":1,"minecraft:white_bed":1,"minecraft:torch":212,"minecraft:diamond_chestplate":1,"minecraft:lapis_block":40}},"DataVersion":3120}