{"stats":{"minecraft:used":{"minecraft:crafting_table":1,"minecraft:oak_planks":20,"minecraft:wooden_shovel":11},"minecraft:custom":{"minecraft:time_since_rest":10130,"minecraft:play_time":10130,"enigmaticlegacy:play_time_with_seven_curses":7806,"minecraft:crouch_one_cm":310,"lootr:looted_stat":1,"minecraft:sprint_one_cm":7688,"minecraft:damage_taken":139,"minecraft:walk_one_cm":16023,"minecraft:sneak_time":528,"minecraft:jump":67,"minecraft:time_since_death":10130,"enigmaticlegacy:play_time_without_seven_curses":2324,"minecraft:total_world_time":10130,"minecraft:interact_with_crafting_table":3,"minecraft:fall_one_cm":1086,"minecraft:fly_one_cm":13499},"minecraft:crafted":{"minecraft:oak_planks":68,"minecraft:crafting_table":1,"minecraft:wooden_pickaxe":1,"minecraft:stick":10,"minecraft:wooden_sword":1,"minecraft:iron_pickaxe":1,"minecraft:wooden_axe":1},"minecraft:mined":{"minecraft:grass":3,"minecraft:bookshelf":7,"minecraft:oak_log":131,"minecraft:dirt":13,"minecraft:potted_lily_of_the_valley":1,"minecraft:tnt":2,"byg:pink_allium_flower_bush":1,"minecraft:grass_block":2},"minecraft:picked_up":{"minecraft:book":21,"apotheosis:gem":4,"minecraft:tnt":2,"minecraft:flower_pot":1,"minecraft:apple":2,"byg:red_oak_sapling":9,"minecraft:wheat_seeds":1,"byg:pink_allium_flower_bush":1,"minecraft:oak_log":131,"twigs:twig":1,"minecraft:lily_of_the_valley":1,"minecraft:dirt":14}},"DataVersion":3120}