{"stats":{"minecraft:broken":{"minecraft:iron_shovel":1,"minecraft:wooden_shovel":1,"undead_unleashed:grave_metal_axe":1,"minecraft:stone_pickaxe":71,"simplyswords:diamond_rapier":1,"undead_unleashed:grave_metal_sword":1,"cisco_mod:adventurer_helmet":1,"aether:iron_gloves":1,"minecraft:wooden_pickaxe":1,"minecraft:iron_axe":1,"minecraft:iron_pickaxe":8},"minecraft:custom":{"enigmaticlegacy:play_time_with_seven_curses":618041,"lootr:looted_stat":104,"minecraft:animals_bred":58,"minecraft:interact_with_crafting_table":177,"minecraft:open_barrel":8,"goblintraders:trade_with_goblin":214,"minecraft:leave_game":11,"minecraft:time_since_death":126000,"minecraft:damage_resisted":0,"minecraft:sprint_one_cm":1684499,"minecraft:drop":455,"minecraft:play_noteblock":5,"minecraft:talked_to_villager":11,"minecraft:play_time":850839,"minecraft:deaths":230,"minecraft:jump":7413,"minecraft:walk_on_water_one_cm":52305,"minecraft:enchant_item":10,"minecraft:interact_with_furnace":385,"minecraft:traded_with_villager":7,"minecraft:sleep_in_bed":12,"minecraft:waystone_activated":2,"minecraft:damage_dealt":159972,"minecraft:crouch_one_cm":168705,"minecraft:inspect_dispenser":3,"minecraft:interact_with_anvil":4,"minecraft:mob_kills":466,"minecraft:damage_dealt_resisted":0,"minecraft:climb_one_cm":2616,"minecraft:walk_one_cm":2843260,"minecraft:damage_dealt_absorbed":119,"minecraft:target_hit":2,"minecraft:sneak_time":46198,"minecraft:walk_under_water_one_cm":109752,"minecraft:boat_one_cm":43621,"minecraft:interact_with_lectern":1,"minecraft:interact_with_blast_furnace":4,"minecraft:total_world_time":850839,"enigmaticlegacy:play_time_without_seven_curses":217605,"minecraft:time_since_rest":12460,"minecraft:damage_taken":74680,"minecraft:damage_absorbed":66200,"minecraft:use_wand":836,"minecraft:swim_one_cm":84742,"minecraft:fly_one_cm":1644331,"minecraft:open_chest":444,"minecraft:fall_one_cm":141958},"minecraft:killed_by":{"iter_rpg:water_elemental":2,"minecraft:zombified_piglin":4,"minecraft:pillager":2,"minecraft:ravager":2,"undead_unleashed:shadewraith":1,"minecraft:drowned":2,"minecraft:vindicator":2,"undead_unleashed:haunter":1,"minecraft:zombie":13,"majruszsdifficulty:cursed_armor":1,"minecraft:husk":3,"minecraft:player":2,"minecraft:enderman":13,"whisperwoods:zotzpyre":6,"enemyexpansion:equestrian":135,"irons_spellbooks:necromancer":1,"minecraft:skeleton":4,"minecraft:phantom":21,"iter_rpg:scallop":1},"minecraft:mined":{"minecraft:large_amethyst_bud":1,"minecraft:white_bed":1,"minecraft:spruce_planks":149,"byg:blue_enchanted_leaves":64,"minecraft:obsidian":49,"minecraft:granite":372,"minecraft:budding_amethyst":5,"minecraft:grass_block":341,"minecraft:coal_block":1,"comforts:sleeping_bag_white":1,"minecraft:spawner":14,"minecraft:smooth_stone":21,"minecraft:sculk_catalyst":1,"forbidden_arcanus:thin_cherry_log":16,"minecraft:dark_oak_trapdoor":2,"minecraft:fire":23,"minecraft:iron_ore":53,"minecraft:cobbled_deepslate":13,"minecraft:deepslate_lapis_ore":16,"minecraft:dark_oak_stairs":3,"bakery:strawberry_taiga":7,"minecraft:iron_bars":3,"minecraft:spruce_pressure_plate":1,"minecraft:spruce_slab":2,"iter_rpg:arcane_flower":5,"minecraft:tripwire":6,"byg:dacite":8,"minecraft:deepslate_redstone_ore":1,"byg:white_sand":1310,"minecraft:red_bed":1,"undead_unleashed:ancient_dirt":27,"minecraft:torch":23,"minecraft:note_block":3,"minecraft:dark_oak_wood":7,"byg:imbued_blue_enchanted_log":8,"undead_unleashed:grave_soil":7,"minecraft:melon":35,"minecraft:calcite":31,"galosphere:silver_ore":5,"minecraft:cobblestone":77,"minecraft:oak_planks":25,"minecraft:wall_torch":13,"iter_rpg:arcane_flower_seeds":1,"minecraft:amethyst_block":23,"minecraft:skeleton_skull":2,"minecraft:chain":2,"byg:soapstone":324,"minecraft:dark_oak_slab":5,"forbidden_arcanus:darkstone":316,"ars_nouveau:archwood_planks":23,"forbidden_arcanus:cherry_planks":2,"minecraft:tnt":2,"celestisynth:lunar_stone":10,"minecraft:stone_brick_stairs":21,"minecraft:grass":375,"byg:blue_enchanted_log":71,"minecraft:oak_log":302,"forbidden_arcanus:cherry_log":1,"delightful:mini_melon":8,"minecraft:sand":188,"minecraft:dirt":280,"minecraft:smooth_basalt":24,"twigs:rhyolite":263,"minecraft:oak_leaves":8,"minecraft:deepslate":6813,"minecraft:tuff":597,"minecraft:red_carpet":6,"forbidden_arcanus:stella_arcanum":1,"minecraft:mossy_cobblestone":64,"minecraft:deepslate_diamond_ore":31,"minecraft:candle":1,"ars_nouveau:green_archwood_leaves":28,"minecraft:sea_lantern":6,"byg:pink_allium_flower_bush":6,"minecraft:glow_lichen":2,"minecraft:dark_oak_fence":1,"minecraft:hay_block":46,"forbidden_arcanus:deepslate_arcane_crystal_ore":4,"minecraft:furnace":2,"minecraft:carrots":53,"iter_rpg:small_vase":2,"minecraft:raw_gold_block":2,"minecraft:andesite":152,"byg:allium_flower_bush":1,"minecraft:stripped_spruce_log":9,"minecraft:bookshelf":76,"iter_rpg:geodite":4,"minecraft:deepslate_iron_ore":22,"minecraft:stone":4019,"minecraft:oak_slab":10,"twigs:pebble":2,"minecraft:redstone_block":1,"ars_nouveau:green_archwood_log":338,"minecraft:potted_lily_of_the_valley":1,"minecraft:stripped_dark_oak_log":2,"supplementaries:gold_gate":7,"minecraft:basalt":1,"minecraft:observer":1,"minecraft:sponge":2,"iter_rpg:vase":1,"byg:green_enchanted_log":28,"minecraft:copper_ore":34,"minecraft:tall_grass":2,"minecraft:lapis_ore":3,"minecraft:deepslate_gold_ore":45,"minecraft:cracked_deepslate_bricks":2,"minecraft:diorite":315,"supplementaries:cage":2,"supplementaries:urn":2,"ars_nouveau:blue_archwood_log":63,"forbidden_arcanus:xpetrified_ore":3,"iter_rpg:abyss_quartz":3,"minecraft:coal_ore":453,"minecraft:sunflower":36,"minecraft:gravel":255,"minecraft:gray_carpet":1,"byg:tall_pink_allium":15,"minecraft:cobweb":43,"minecraft:cracked_stone_bricks":8,"forbidden_arcanus:gilded_darkstone":1,"minecraft:polished_andesite":8,"minecraft:polished_blackstone":20,"minecraft:stone_bricks":29,"byg:tall_allium":11,"minecraft:dark_oak_planks":193,"minecraft:mossy_stone_bricks":9,"minecraft:fern":7},"minecraft:dropped":{"minecraft:dark_oak_stairs":2,"minecraft:lapis_lazuli":64,"minecraft:crafting_table":1,"minecraft:cracked_stone_bricks":1,"minecraft:emerald":4,"minecraft:flint":33,"minecraft:dirt":395,"twigs:pebble":93,"minecraft:ice":1,"minecraft:cornflower":1,"immersive_armors:wooden_leggings":2,"byg:embur_gel_branch":3,"minecraft:dark_oak_trapdoor":1,"minecraft:seagrass":1,"forbidden_arcanus:cherry_sapling":2,"irons_spellbooks:epic_ink":4,"irons_spellbooks:arcane_essence":28,"minecraft:chain":2,"minecraft:amethyst_shard":3,"minecraft:sunflower":1,"minecraft:phantom_membrane":6,"forbidden_arcanus:darkstone":67,"minecraft:iron_pickaxe":2,"immersive_armors:wooden_chestplate":2,"twigs:twig":1,"minecraft:bone":8,"minecraft:gravel":92,"minecraft:note_block":5,"byg:green_enchanted_log":28,"minecraft:cobbled_deepslate":5164,"immersive_armors:wooden_boots":3,"minecraft:rotten_flesh":2,"minecraft:oak_planks":13,"minecraft:carrot":1,"minecraft:chainmail_chestplate":1,"supplementaries:ash":2,"apotheosis:gem":5,"iter_rpg:seashell":2,"minecraft:iron_bars":2,"majruszsaccessories:lucky_rock":1,"byg:blue_enchanted_log":41,"minecraft:iron_ingot":22,"minecraft:bread":1,"minecraft:oak_slab":17,"minecraft:wheat_seeds":7,"minecraft:bookshelf":40,"minecraft:prismarine_shard":1,"minecraft:cobblestone":689,"minecraft:prismarine_crystals":3,"minecraft:apple":4,"minecraft:granite":124,"minecraft:coal":3,"minecraft:stick":23,"irons_spellbooks:scroll":2,"byg:pink_allium_flower_bush":8,"origins:orb_of_origin":1,"galosphere:raw_silver":2,"minecraft:diorite":161,"irons_spellbooks:evocation_rune":4,"byg:soapstone":122,"minecraft:wooden_axe":2,"forbidden_arcanus:spawner_scrap":2,"delightful:acorn":3,"simplyswords:iron_rapier":3,"minecraft:iron_axe":1,"waystones:mossy_waystone":1,"minecraft:iron_shovel":1,"minecraft:string":7,"minecraft:gray_carpet":4,"minecraft:dandelion":7,"iter_rpg:potsherd":1,"minecraft:smooth_basalt":48,"minecraft:redstone":42,"twigs:rhyolite":110,"majruszsaccessories:owl_feather":1,"minecraft:raw_copper":46,"minecraft:bowl":6,"majruszsaccessories:tool_scraps":2,"ars_nouveau:archwood_planks":312,"minecraft:tuff":516,"minecraft:raw_iron":1,"byg:tall_allium":2,"minecraft:clay_ball":15,"minecraft:cobbled_deepslate_slab":12,"alexsmobs:bear_fur":2,"enemyexpansion:phantom_eye":5,"twigs:tangerine_seashell":1,"takesapillage:ravager_horn":1,"minecraft:andesite":99,"minecraft:mossy_stone_bricks":1,"minecraft:wooden_shovel":1,"minecraft:oak_sapling":1,"minecraft:golden_sword":1,"easy_villagers:villager":1,"minecraft:stone_bricks":7,"minecraft:slime_ball":4,"byg:imbued_blue_enchanted_log":6,"byg:tall_pink_allium":1,"minecraft:calcite":31,"byg:dacite_cobblestone":4,"immersive_armors:wooden_helmet":2},"minecraft:crafted":{"minecraft:smooth_stone":1048,"minecraft:oak_planks":540,"ars_nouveau:archwood_planks":1140,"minecraft:melon_slice":24,"minecraft:stone":429,"minecraft:bookshelf":21,"minecraft:glass":605,"minecraft:copper_block":30,"galosphere:silver_ingot":4,"minecraft:oak_fence":96,"torchmaster:megatorch":2,"blue_skies:blue_journal":1,"minecraft:oak_slab":48,"minecraft:emerald":17,"minecraft:cooked_porkchop":7,"minecraft:diamond_axe":1,"minecraft:crafting_table":6,"minecraft:wooden_pickaxe":1,"supplementaries:cage":8,"minecraft:copper_ingot":290,"minecraft:gold_block":19,"minecraft:hay_block":26,"minecraft:dark_oak_slab":42,"minecraft:iron_chestplate":2,"minecraft:diamond_pickaxe":2,"minecraft:stick":322,"minecraft:iron_ingot":235,"minecraft:iron_pickaxe":11,"minecraft:iron_block":39,"minecraft:gold_ingot":183,"minecraft:wooden_sword":1,"irons_spellbooks:blank_rune":3,"minecraft:coal":9,"minecraft:iron_nugget":9,"forbidden_arcanus:rotten_leather":1,"minecraft:furnace":32,"minecraft:bone_meal":144,"woodworks:spruce_chest":4,"irons_spellbooks:lightning_bottle":3,"minecraft:leather":2,"minecraft:iron_axe":1,"minecraft:stone_pickaxe":58,"minecraft:redstone_block":7,"minecraft:netherite_scrap":3,"minecraft:dark_oak_planks":52,"undead_unleashed:grave_metal_ingot":3,"minecraft:wheat":432,"sophisticatedbackpacks:gold_backpack":1,"minecraft:bread":64,"minecraft:white_stained_glass":6,"minecraft:air":0,"supplementaries:gold_gate":2,"woodworks:oak_chest":10,"minecraft:oak_boat":8,"forbidden_arcanus:cherry_planks":36,"minecraft:white_wool":21,"minecraft:gold_nugget":27,"minecraft:raw_gold":18,"minecraft:flint":64,"minecraft:wooden_axe":1,"minecraft:white_bed":2,"minecraft:torch":260,"minecraft:lapis_block":40,"minecraft:diamond_chestplate":1},"minecraft:killed":{"minecraft:zombified_piglin":44,"enemyexpansion:equestrian":28,"minecraft:spider":11,"minecraft:skeleton":20,"irons_spellbooks:summoned_skeleton":3,"minecraft:parrot":2,"minecraft:pig":5,"alexsmobs:grizzly_bear":1,"irons_spellbooks:necromancer":1,"undead_unleashed:frenzied_knight":1,"ars_nouveau:dummy":6,"minecraft:pillager":6,"enemyexpansion:meature":2,"irons_spellbooks:summoned_vex":1,"minecraft:zombie":39,"undead_unleashed:shadewraith":2,"enemyexpansion:botfly":38,"minecraft:stray":9,"alexsmobs:fly":2,"undead_unleashed:haunter":3,"whisperwoods:moth":1,"irons_spellbooks:summoned_zombie":4,"minecraft:vindicator":11,"majruszsdifficulty:illusioner":1,"enemyexpansion:direwolf":6,"minecraft:phantom":68,"vinery:mule":1,"minecraft:drowned":35,"enemyexpansion:goblin":1,"alexsmobs:flying_fish":1,"iter_rpg:water_elemental":1,"minecraft:husk":10,"aquaculture:atlantic_halibut":1,"majruszsdifficulty:cursed_armor":1,"minecraft:squid":1,"whisperwoods:zotzpyre":1,"iter_rpg:scallop":3,"minecraft:wither_skeleton":4,"minecraft:enderman":3},"minecraft:used":{"minecraft:iron_shovel":471,"minecraft:spruce_slab":1,"minecraft:diamond_hoe":67,"lootr:trophy":1,"undead_unleashed:grave_metal_sword":775,"simplyswords:diamond_rapier":4439,"minecraft:carrot":283,"undead_unleashed:grave_metal_axe":616,"minecraft:tuff":1,"dreadsteel:dreadsteel_scythe":28,"minecraft:milk_bucket":1,"minecraft:glass":866,"minecraft:lava_bucket":1,"minecraft:grass_block":1,"minecraft:dark_oak_slab":37,"byg:red_oak_sapling":6,"ars_nouveau:green_archwood_sapling":20,"minecraft:repeater":1,"iter_rpg:arcane_flower_seeds":1,"minecraft:bow":205,"minecraft:furnace":34,"forbidden_arcanus:cherry_planks":35,"byg:blue_enchanted_log":17,"ars_nouveau:green_archwood_log":2,"minecraft:mossy_stone_bricks":7,"minecraft:diorite":23,"byg:white_sand":1,"ars_nouveau:blue_archwood_sapling":7,"simplyswords:iron_rapier":9,"minecraft:stone_pickaxe":10721,"minecraft:oak_planks":160,"minecraft:wooden_pickaxe":59,"minecraft:diamond_axe":1,"minecraft:golden_apple":15,"ars_nouveau:archwood_planks":1451,"minecraft:note_block":1,"simplyswords:watcher_claymore":621,"waystones:waystone":1,"farmersdelight:ratatouille":16,"minecraft:bread":27,"minecraft:melon_slice":10,"supplementaries:gold_gate":15,"minecraft:gravel":26,"minecraft:soul_lantern":2,"minecraft:white_stained_glass":6,"minecraft:andesite":23,"minecraft:oak_boat":11,"minecraft:bone_meal":79,"minecraft:cobweb":9,"ironchest:wood_to_iron_chest_upgrade":1,"minecraft:oak_fence":72,"minecraft:iron_bars":1,"minecraft:enchanting_table":1,"farmersdelight:diamond_knife":2,"minecraft:spruce_planks":30,"woodworks:oak_chest":21,"woodworks:spruce_chest":4,"minecraft:cooked_chicken":1,"minecraft:wooden_shovel":128,"minecraft:torch":387,"minecraft:dirt":41,"minecraft:anvil":3,"twigs:rhyolite":7,"minecraft:granite":41,"minecraft:dark_oak_planks":25,"minecraft:wooden_axe":17,"minecraft:bookshelf":5,"minecraft:iron_axe":775,"apotheosis:gem_cutting_table":1,"constructionwand:diamond_wand":68,"torchmaster:megatorch":3,"comforts:sleeping_bag_white":9,"minecraft:cooked_beef":40,"minecraft:cobbled_deepslate":178,"minecraft:water_bucket":27,"byg:pink_allium_flower_bush":1,"minecraft:amethyst_block":1,"minecraft:baked_potato":8,"ironchest:wood_to_copper_chest_upgrade":1,"minecraft:cracked_stone_bricks":3,"minecraft:oak_slab":31,"minecraft:crafting_table":18,"minecraft:oak_log":6,"minecraft:white_bed":3,"byg:tall_pink_allium":2,"farmersdelight:bacon_and_eggs":16,"minecraft:diamond_pickaxe":773,"supplementaries:cage":7,"minecraft:diamond_shovel":1328,"minecraft:sunflower":1,"minecraft:iron_pickaxe":3078,"minecraft:cobblestone":141,"minecraft:cooked_porkchop":7,"minecraft:bucket":29,"minecraft:smooth_stone":1015},"minecraft:picked_up":{"minecraft:wooden_axe":1,"irons_spellbooks:scroll":4,"minecraft:seagrass":1,"minecraft:wheat":1,"minecraft:prismarine_shard":1,"minecraft:flower_pot":1,"minecraft:lead":2,"minecraft:potion":1,"undead_unleashed:grave_metal_chestplate":1,"simplyswords:iron_rapier":2,"minecraft:golden_sword":4,"minecraft:amethyst_block":22,"forbidden_arcanus:xpetrified_orb":3,"minecraft:dark_oak_trapdoor":2,"minecraft:string":134,"apotheosis:epic_material":2,"minecraft:raw_copper":262,"irons_spellbooks:heavy_chain_necklace":1,"minecraft:experience_bottle":1,"byg:blue_enchanted_log":58,"comforts:sleeping_bag_white":8,"minecraft:spruce_planks":19,"irons_spellbooks:arcane_essence":45,"minecraft:smooth_stone":17,"minecraft:gold_nugget":43,"minecraft:cobbled_deepslate":4885,"bosses_of_mass_destruction:soul_star":3,"minecraft:black_glazed_terracotta":128,"twigs:pebble":122,"delightful:acorn":3,"celestisynth:lunar_stone":14,"minecraft:calcite":39,"minecraft:ender_eye":3,"minecraft:iron_pickaxe":1,"minecraft:melon_slice":105,"minecraft:coal_block":1,"farmersdelight:ratatouille":9,"minecraft:furnace":2,"minecraft:spruce_pressure_plate":1,"minecraft:tipped_arrow":5,"minecraft:stick":7,"apotheosis:rare_material":15,"apotheosis:gem":38,"irons_spellbooks:wandering_magician_boots":1,"minecraft:torch":91,"minecraft:porkchop":14,"majruszsaccessories:tamed_potato_beetle":1,"minecraft:diorite":367,"byg:blue_enchanted_sapling":9,"minecraft:goat_horn":1,"easy_villagers:villager":1,"minecraft:stone_sword":1,"minecraft:rotten_flesh":189,"cisco_mod:adventurer_leggings":1,"byg:green_enchanted_sapling":2,"byg:embur_gel_ball":50,"dreadsteel:dreadsteel_scythe":1,"iter_rpg:arcane_flower_seeds":1,"minecraft:bookshelf":20,"supplementaries:ash":11,"twigs:tangerine_seashell":1,"minecraft:obsidian":21,"minecraft:iron_bars":5,"alexsmobs:flying_fish":1,"minecraft:blaze_powder":3,"minecraft:cobblestone":3728,"minecraft:sponge":2,"majruszsaccessories:tool_scraps":6,"minecraft:feather":6,"minecraft:repeater":1,"minecraft:andesite":140,"byg:embur_gel_branch":3,"minecraft:potato":1,"alexsmobs:bear_fur":2,"minecraft:flint":55,"minecraft:tuff":637,"relics:jellyfish_necklace":1,"minecraft:wither_skeleton_skull":6,"minecraft:lapis_lazuli":486,"minecraft:lantern":1,"minecraft:dirt":519,"irons_spellbooks:iron_spell_book":1,"byg:imbued_blue_enchanted_log":6,"minecraft:name_tag":1,"minecraft:glass":261,"minecraft:bone":124,"iter_rpg:arcane_flower":5,"farmersdelight:iron_knife":1,"minecraft:bow":4,"delightful:mini_melon":8,"minecraft:wheat_seeds":100,"minecraft:raw_gold":114,"minecraft:cobbled_deepslate_slab":6,"cisco_mod:adventurer_helmet":1,"iter_rpg:water_fragment":2,"minecraft:mossy_stone_bricks":8,"minecraft:glowstone_dust":40,"apotheosis:mythic_material":1,"galosphere:raw_silver":8,"twigs:twig":53,"minecraft:oak_planks":44,"byg:green_enchanted_log":28,"minecraft:ghast_tear":1,"iter_rpg:seashell":2,"irons_spellbooks:frozen_bone":30,"patchouli:guide_book":2,"byg:pollen_dust":9,"minecraft:sand":197,"minecraft:ink_sac":4,"minecraft:grass_block":1,"minecraft:lily_of_the_valley":1,"iter_rpg:stone_geode":39,"minecraft:mossy_cobblestone":64,"majruszsaccessories:owl_feather":3,"forbidden_arcanus:ender_pearl_fragment":9,"immersive_armors:warrior_helmet":1,"minecraft:diamond":76,"waystones:waystone":1,"iter_rpg:abyssquartz_shard":6,"minecraft:crossbow":1,"minecraft:granite":385,"minecraft:golden_apple":23,"minecraft:emerald":47,"alexsmobs:maggot":1,"minecraft:oak_sapling":10,"twigs:rhyolite":117,"minecraft:dark_oak_fence":1,"cisco_mod:brightsteel_ingot":6,"minecraft:diamond_pickaxe":1,"iter_rpg:spawner_fragment":5,"byg:soapstone":160,"minecraft:clay_ball":30,"minecraft:leather_leggings":1,"byg:tall_pink_allium":14,"ars_nouveau:blue_archwood_sapling":7,"minecraft:gold_block":1,"minecraft:chain":3,"minecraft:shield":1,"byg:white_sand":1034,"minecraft:cornflower":1,"ars_nouveau:archwood_planks":357,"forbidden_arcanus:thin_cherry_log":16,"minecraft:iron_axe":1,"skilltree:wisdom_scroll":1,"ringsofascension:ring_fire_resistance":1,"minecraft:netherite_scrap":1,"minecraft:white_stained_glass":1,"minecraft:iron_shovel":1,"takesapillage:ravager_horn":1,"undead_unleashed:grave_metal_ingot":1,"minecraft:cracked_stone_bricks":7,"byg:pink_allium_flower_bush":22,"minecraft:oak_boat":3,"immersive_armors:wooden_leggings":1,"irons_spellbooks:epic_ink":5,"minecraft:player_head":9,"minecraft:spruce_slab":1,"supplementaries:cage":2,"minecraft:phantom_membrane":82,"forbidden_arcanus:gilded_darkstone":1,"minecraft:raw_iron":153,"minecraft:stone":14,"minecraft:raw_gold_block":2,"minecraft:copper_ingot":1,"minecraft:bowl":12,"minecraft:note_block":8,"ars_nouveau:blue_archwood_log":63,"immersive_armors:divine_leggings":2,"ars_nouveau:frostaya_pod":3,"minecraft:carrot":289,"origins:orb_of_origin":1,"minecraft:redstone":155,"minecraft:prismarine_crystals":5,"minecraft:dark_oak_planks":22,"irons_spellbooks:evocation_rune":5,"ars_nouveau:green_archwood_log":397,"minecraft:tnt":2,"immersive_armors:wooden_helmet":2,"minecraft:arrow":307,"majruszsaccessories:lucky_rock":4,"minecraft:hay_block":46,"minecraft:cracked_deepslate_bricks":2,"sophisticatedbackpacks:copper_backpack":1,"minecraft:skeleton_skull":1,"forbidden_arcanus:spawner_scrap":14,"minecraft:basalt":1,"enemyexpansion:horsehead_helmet":1,"simplyswords:diamond_rapier":3,"forbidden_arcanus:cherry_sapling":2,"minecraft:ice":1,"minecraft:chainmail_chestplate":1,"minecraft:oak_log":280,"minecraft:gunpowder":1,"byg:dacite_cobblestone":8,"cisco_mod:adventurer_boots":1,"minecraft:red_carpet":6,"ars_nouveau:green_archwood_sapling":68,"minecraft:gray_carpet":4,"minecraft:apple":9,"minecraft:stone_bricks":24,"byg:red_oak_sapling":15,"minecraft:cooked_chicken":1,"byg:allium_flower_bush":2,"iter_rpg:potsherd":1,"minecraft:iron_ingot":23,"minecraft:stone_pickaxe":2,"supplementaries:gold_gate":7,"forbidden_arcanus:cherry_log":1,"apotheosis:gem_dust":6,"minecraft:iron_sword":1,"iter_rpg:deepslate_geode":1,"forbidden_arcanus:darkstone":67,"minecraft:dark_oak_stairs":4,"minecraft:book":213,"minecraft:oak_slab":26,"bakery:strawberry":1,"minecraft:smooth_basalt":48,"enemyexpansion:phantom_eye":18,"minecraft:dark_oak_slab":7,"minecraft:dandelion":7,"waystones:mossy_waystone":1,"minecraft:gravel":202,"enigmaticlegacy:enigmatic_amulet":1,"minecraft:amethyst_shard":6,"undead_unleashed:grave_metal_scrap":28,"minecraft:white_bed":1,"minecraft:spider_eye":1,"farmersdelight:bacon_and_eggs":25,"minecraft:leather_helmet":1,"byg:embur_pedu":6,"forbidden_arcanus:arcane_crystal":6,"minecraft:slime_ball":36,"xpbook:xp_tome":1,"byg:tall_allium":9,"immersive_armors:wooden_chestplate":1,"minecraft:iron_helmet":2,"undead_unleashed:grave_metal_axe":2,"minecraft:stripped_dark_oak_log":65,"minecraft:dark_oak_wood":9,"immersive_armors:wooden_boots":2,"minecraft:coal":809,"enigmaticlegacy:magnet_ring":1,"minecraft:ender_pearl":5,"minecraft:sunflower":35}},"DataVersion":3120}