{"stats":{"minecraft:picked_up":{"minecraft:wooden_axe":1,"minecraft:seagrass":1,"minecraft:iron_chestplate":1,"minecraft:chainmail_boots":2,"minecraft:flower_pot":1,"minecraft:prismarine_shard":1,"minecraft:lead":2,"minecraft:oak_stairs":14,"minecraft:enchanted_book":12,"simplyswords:iron_rapier":2,"minecraft:golden_sword":5,"minecraft:amethyst_block":22,"apotheosis:epic_material":3,"forbidden_arcanus:xpetrified_orb":3,"minecraft:string":138,"minecraft:dark_oak_trapdoor":2,"minecraft:cobbled_deepslate":4885,"minecraft:gold_nugget":43,"bosses_of_mass_destruction:soul_star":4,"minecraft:black_glazed_terracotta":128,"minecraft:spruce_planks":19,"celestisynth:lunar_stone":14,"minecraft:melon_slice":105,"minecraft:coal_block":1,"farmersdelight:ratatouille":9,"minecraft:spruce_pressure_plate":1,"apotheosis:rare_material":15,"irons_spellbooks:wandering_magician_boots":1,"majruszsaccessories:tamed_potato_beetle":1,"byg:blue_enchanted_sapling":9,"easy_villagers:villager":1,"minecraft:stone_sword":1,"byg:green_enchanted_sapling":2,"iter_rpg:arcane_flower_seeds":1,"minecraft:bookshelf":20,"supplementaries:ash":12,"minecraft:iron_bars":5,"alexsmobs:flying_fish":1,"minecraft:sponge":2,"majruszsaccessories:tool_scraps":6,"minecraft:feather":6,"byg:embur_gel_branch":3,"minecraft:flint":59,"relics:jellyfish_necklace":1,"minecraft:lantern":1,"irons_spellbooks:iron_spell_book":1,"iter_rpg:arcane_flower":5,"delightful:mini_melon":8,"iter_rpg:water_fragment":2,"minecraft:glowstone_dust":40,"apotheosis:mythic_material":1,"galosphere:raw_silver":8,"patchouli:guide_book":2,"minecraft:ink_sac":4,"minecraft:deepslate":1,"minecraft:granite":385,"alexsmobs:maggot":1,"twigs:rhyolite":117,"minecraft:dark_oak_fence":1,"minecraft:diamond_pickaxe":1,"minecraft:clay_ball":30,"minecraft:leather_leggings":1,"byg:white_sand":1234,"minecraft:cornflower":1,"minecraft:iron_shovel":1,"ringsofascension:ring_fire_resistance":1,"minecraft:netherite_scrap":3,"minecraft:white_stained_glass":1,"undead_unleashed:grave_metal_ingot":1,"minecraft:cracked_stone_bricks":7,"byg:pink_allium_flower_bush":41,"immersive_armors:wooden_leggings":1,"minecraft:spruce_slab":1,"minecraft:stone":14,"minecraft:raw_gold_block":2,"minecraft:redstone":155,"minecraft:carrot":289,"origins:orb_of_origin":1,"minecraft:prismarine_crystals":5,"minecraft:tnt":2,"ars_nouveau:green_archwood_log":397,"irons_spellbooks:evocation_rune":5,"immersive_armors:wooden_helmet":2,"minecraft:hay_block":46,"minecraft:cracked_deepslate_bricks":2,"sophisticatedbackpacks:copper_backpack":1,"enemyexpansion:horsehead_helmet":1,"forbidden_arcanus:cherry_sapling":2,"minecraft:oak_log":280,"byg:dacite_cobblestone":8,"minecraft:white_banner":12,"minecraft:apple":9,"minecraft:stone_bricks":24,"minecraft:stone_pickaxe":4,"apotheosis:gem_dust":7,"minecraft:iron_sword":1,"forbidden_arcanus:darkstone":67,"minecraft:dark_oak_stairs":4,"minecraft:smooth_basalt":48,"enemyexpansion:phantom_eye":18,"minecraft:dark_oak_slab":7,"minecraft:gravel":202,"enigmaticlegacy:enigmatic_amulet":1,"minecraft:leather_helmet":1,"farmersdelight:bacon_and_eggs":25,"forbidden_arcanus:arcane_crystal":6,"minecraft:slime_ball":36,"minecraft:stripped_dark_oak_log":65,"immersive_armors:wooden_boots":2,"enigmaticlegacy:magnet_ring":1,"minecraft:ender_pearl":5,"irons_spellbooks:scroll":4,"minecraft:wheat":1,"minecraft:potion":1,"undead_unleashed:grave_metal_chestplate":1,"minecraft:raw_copper":262,"irons_spellbooks:heavy_chain_necklace":1,"minecraft:experience_bottle":1,"irons_spellbooks:arcane_essence":45,"minecraft:smooth_stone":17,"byg:blue_enchanted_log":58,"twigs:pebble":122,"comforts:sleeping_bag_white":13,"delightful:acorn":3,"minecraft:ender_eye":3,"minecraft:calcite":39,"minecraft:iron_pickaxe":1,"minecraft:furnace":2,"minecraft:tipped_arrow":5,"minecraft:stick":7,"apotheosis:gem":43,"minecraft:torch":93,"minecraft:porkchop":14,"minecraft:diorite":367,"minecraft:goat_horn":1,"minecraft:rotten_flesh":200,"cisco_mod:adventurer_leggings":1,"byg:embur_gel_ball":50,"dreadsteel:dreadsteel_scythe":1,"minecraft:obsidian":21,"twigs:tangerine_seashell":1,"minecraft:blaze_powder":3,"minecraft:cobblestone":3728,"minecraft:repeater":1,"minecraft:andesite":140,"minecraft:potato":1,"alexsmobs:bear_fur":2,"minecraft:tuff":637,"minecraft:wither_skeleton_skull":7,"minecraft:lapis_lazuli":486,"minecraft:dirt":584,"byg:imbued_blue_enchanted_log":6,"minecraft:name_tag":1,"minecraft:glass":261,"minecraft:bone":124,"farmersdelight:iron_knife":1,"minecraft:bow":6,"minecraft:wheat_seeds":106,"minecraft:raw_gold":114,"minecraft:cobbled_deepslate_slab":6,"cisco_mod:adventurer_helmet":1,"minecraft:mossy_stone_bricks":8,"minecraft:bamboo":2,"twigs:twig":54,"minecraft:oak_planks":48,"minecraft:ghast_tear":1,"byg:green_enchanted_log":28,"iter_rpg:seashell":2,"irons_spellbooks:frozen_bone":30,"byg:pollen_dust":9,"minecraft:sand":197,"iter_rpg:stone_geode":39,"minecraft:grass_block":1,"minecraft:lily_of_the_valley":1,"minecraft:mossy_cobblestone":64,"majruszsaccessories:owl_feather":3,"forbidden_arcanus:ender_pearl_fragment":9,"immersive_armors:warrior_helmet":1,"minecraft:diamond":76,"waystones:waystone":1,"iter_rpg:abyssquartz_shard":6,"minecraft:crossbow":12,"minecraft:golden_apple":23,"minecraft:emerald":82,"minecraft:oak_sapling":10,"cisco_mod:brightsteel_ingot":7,"iter_rpg:spawner_fragment":5,"byg:soapstone":160,"byg:tall_pink_allium":18,"transmog:transmogrification_table":1,"ars_nouveau:blue_archwood_sapling":7,"minecraft:gold_block":1,"minecraft:chain":3,"minecraft:shield":3,"ars_nouveau:archwood_planks":361,"forbidden_arcanus:thin_cherry_log":16,"minecraft:iron_axe":1,"skilltree:wisdom_scroll":1,"takesapillage:ravager_horn":1,"minecraft:oak_boat":4,"irons_spellbooks:epic_ink":5,"minecraft:player_head":12,"supplementaries:cage":2,"minecraft:phantom_membrane":82,"forbidden_arcanus:gilded_darkstone":1,"minecraft:raw_iron":156,"minecraft:copper_ingot":1,"minecraft:bowl":12,"minecraft:note_block":8,"ars_nouveau:blue_archwood_log":63,"immersive_armors:divine_leggings":2,"ars_nouveau:frostaya_pod":3,"minecraft:dark_oak_planks":22,"minecraft:arrow":367,"majruszsaccessories:lucky_rock":4,"minecraft:skeleton_skull":1,"forbidden_arcanus:spawner_scrap":14,"minecraft:basalt":1,"simplyswords:diamond_rapier":3,"minecraft:ice":1,"minecraft:chainmail_chestplate":1,"minecraft:gunpowder":1,"cisco_mod:adventurer_boots":1,"minecraft:red_carpet":6,"ars_nouveau:green_archwood_sapling":68,"minecraft:gray_carpet":4,"byg:red_oak_sapling":15,"byg:allium_flower_bush":2,"iter_rpg:potsherd":1,"minecraft:iron_ingot":23,"supplementaries:gold_gate":7,"minecraft:cooked_chicken":1,"iter_rpg:deepslate_geode":2,"forbidden_arcanus:cherry_log":1,"minecraft:book":219,"minecraft:oak_slab":26,"bakery:strawberry":1,"waystones:mossy_waystone":1,"minecraft:dandelion":7,"minecraft:amethyst_shard":7,"undead_unleashed:grave_metal_scrap":28,"minecraft:white_bed":1,"minecraft:spider_eye":1,"byg:embur_pedu":6,"xpbook:xp_tome":3,"immersive_armors:wooden_chestplate":1,"byg:tall_allium":10,"minecraft:chainmail_leggings":2,"minecraft:iron_helmet":2,"undead_unleashed:grave_metal_axe":2,"minecraft:dark_oak_wood":9,"minecraft:coal":809,"minecraft:sunflower":35},"minecraft:custom":{"minecraft:interact_with_crafting_table":182,"minecraft:open_barrel":8,"goblintraders:trade_with_goblin":214,"minecraft:leave_game":12,"minecraft:time_since_death":216256,"minecraft:play_time":941095,"minecraft:deaths":230,"minecraft:jump":8574,"minecraft:enchant_item":12,"minecraft:interact_with_furnace":427,"minecraft:traded_with_villager":7,"minecraft:sleep_in_bed":17,"minecraft:waystone_activated":2,"minecraft:damage_dealt":179409,"minecraft:inspect_dispenser":3,"minecraft:interact_with_anvil":16,"minecraft:damage_dealt_absorbed":119,"minecraft:target_hit":2,"minecraft:sneak_time":47170,"minecraft:interact_with_lectern":1,"minecraft:interact_with_blast_furnace":4,"minecraft:total_world_time":941095,"enigmaticlegacy:play_time_without_seven_curses":307861,"minecraft:time_since_rest":36756,"minecraft:use_wand":1428,"minecraft:swim_one_cm":96185,"minecraft:fly_one_cm":1877095,"minecraft:open_chest":494,"minecraft:fall_one_cm":166762,"enigmaticlegacy:play_time_with_seven_curses":618041,"lootr:looted_stat":124,"minecraft:animals_bred":61,"minecraft:damage_resisted":0,"minecraft:sprint_one_cm":1989711,"minecraft:drop":537,"minecraft:play_noteblock":5,"minecraft:talked_to_villager":11,"minecraft:walk_on_water_one_cm":58302,"minecraft:crouch_one_cm":174708,"minecraft:mob_kills":547,"minecraft:damage_dealt_resisted":262,"minecraft:climb_one_cm":8449,"minecraft:walk_one_cm":3123951,"minecraft:walk_under_water_one_cm":113578,"minecraft:boat_one_cm":44387,"minecraft:raid_trigger":1,"minecraft:damage_taken":77285,"minecraft:damage_absorbed":66253},"minecraft:crafted":{"minecraft:smooth_stone":1048,"minecraft:bookshelf":21,"minecraft:glass":1227,"galosphere:silver_ingot":4,"torchmaster:megatorch":2,"blue_skies:blue_journal":1,"minecraft:emerald":17,"minecraft:cooked_porkchop":7,"minecraft:diamond_axe":1,"supplementaries:cage":8,"minecraft:copper_ingot":290,"minecraft:hay_block":26,"minecraft:iron_pickaxe":11,"minecraft:iron_block":39,"minecraft:gold_ingot":183,"minecraft:iron_nugget":9,"forbidden_arcanus:rotten_leather":1,"minecraft:bone_meal":144,"woodworks:spruce_chest":4,"minecraft:stone_pickaxe":58,"minecraft:redstone_block":7,"minecraft:dark_oak_planks":52,"minecraft:wheat":432,"sophisticatedbackpacks:gold_backpack":1,"minecraft:white_stained_glass":166,"supplementaries:gold_gate":2,"forbidden_arcanus:cherry_planks":36,"minecraft:flint":64,"minecraft:wooden_axe":1,"minecraft:oak_stairs":32,"minecraft:white_bed":2,"minecraft:oak_planks":676,"ars_nouveau:archwood_planks":1140,"minecraft:melon_slice":24,"minecraft:stone":429,"minecraft:copper_block":30,"minecraft:oak_fence":96,"minecraft:oak_slab":48,"minecraft:crafting_table":7,"minecraft:wooden_pickaxe":1,"minecraft:gold_block":19,"minecraft:dark_oak_slab":42,"minecraft:iron_chestplate":2,"minecraft:diamond_pickaxe":2,"minecraft:stick":354,"minecraft:iron_ingot":235,"minecraft:wooden_sword":1,"irons_spellbooks:blank_rune":3,"minecraft:coal":9,"minecraft:furnace":32,"irons_spellbooks:lightning_bottle":3,"minecraft:leather":2,"minecraft:iron_axe":1,"minecraft:netherite_scrap":3,"undead_unleashed:grave_metal_ingot":3,"minecraft:bread":64,"minecraft:air":0,"woodworks:oak_chest":18,"minecraft:oak_boat":8,"minecraft:white_wool":21,"minecraft:gold_nugget":27,"minecraft:raw_gold":18,"minecraft:torch":388,"minecraft:lapis_block":40,"minecraft:diamond_chestplate":1},"minecraft:killed":{"enemyexpansion:equestrian":28,"minecraft:skeleton":20,"minecraft:parrot":2,"undead_unleashed:frenzied_knight":1,"ars_nouveau:dummy":6,"minecraft:pillager":72,"enemyexpansion:meature":2,"irons_spellbooks:summoned_vex":1,"minecraft:zombie":40,"enemyexpansion:botfly":38,"whisperwoods:moth":1,"takesapillage:archer":1,"minecraft:vindicator":11,"majruszsdifficulty:illusioner":1,"iter_rpg:water_elemental":1,"minecraft:husk":10,"aquaculture:atlantic_halibut":1,"majruszsdifficulty:cursed_armor":2,"whisperwoods:zotzpyre":1,"minecraft:enderman":3,"minecraft:zombified_piglin":44,"minecraft:spider":11,"irons_spellbooks:summoned_skeleton":3,"minecraft:pig":6,"alexsmobs:grizzly_bear":1,"irons_spellbooks:necromancer":1,"undead_unleashed:shadewraith":2,"minecraft:stray":9,"alexsmobs:fly":2,"undead_unleashed:haunter":3,"raided:electromancer":1,"irons_spellbooks:summoned_zombie":4,"aquaculture:bluegill":1,"enemyexpansion:direwolf":6,"minecraft:phantom":68,"vinery:mule":1,"minecraft:panda":1,"minecraft:drowned":39,"enemyexpansion:goblin":1,"alexsmobs:flying_fish":1,"minecraft:squid":1,"iter_rpg:scallop":3,"minecraft:wither_skeleton":4},"minecraft:used":{"minecraft:spruce_slab":1,"minecraft:stone":2,"lootr:trophy":1,"simplyswords:diamond_rapier":4439,"undead_unleashed:grave_metal_axe":616,"dreadsteel:dreadsteel_scythe":141,"minecraft:lava_bucket":1,"minecraft:grass_block":1,"minecraft:dark_oak_slab":37,"byg:red_oak_sapling":6,"minecraft:bow":205,"minecraft:furnace":34,"forbidden_arcanus:cherry_planks":35,"ars_nouveau:green_archwood_log":2,"byg:blue_enchanted_log":17,"minecraft:mossy_stone_bricks":7,"minecraft:diorite":23,"byg:white_sand":1,"ars_nouveau:blue_archwood_sapling":7,"simplyswords:iron_rapier":9,"minecraft:wooden_pickaxe":59,"minecraft:golden_apple":16,"simplyswords:watcher_claymore":621,"supplementaries:gold_gate":15,"minecraft:soul_lantern":2,"minecraft:white_stained_glass":161,"minecraft:oak_boat":13,"ironchest:wood_to_iron_chest_upgrade":1,"minecraft:enchanting_table":1,"minecraft:iron_bars":1,"woodworks:spruce_chest":4,"minecraft:torch":390,"minecraft:anvil":3,"minecraft:iron_axe":775,"apotheosis:gem_cutting_table":1,"constructionwand:diamond_wand":99,"comforts:sleeping_bag_white":13,"torchmaster:megatorch":3,"minecraft:cobbled_deepslate":178,"minecraft:water_bucket":32,"minecraft:cracked_stone_bricks":3,"minecraft:oak_slab":31,"minecraft:crafting_table":19,"minecraft:white_bed":3,"minecraft:oak_log":6,"minecraft:diamond_pickaxe":840,"minecraft:diamond_shovel":1593,"minecraft:sunflower":1,"minecraft:iron_pickaxe":3078,"minecraft:cobblestone":141,"minecraft:cooked_porkchop":7,"minecraft:iron_shovel":471,"minecraft:diamond_hoe":67,"undead_unleashed:grave_metal_sword":775,"minecraft:carrot":283,"minecraft:tuff":1,"minecraft:milk_bucket":1,"minecraft:glass":1486,"ars_nouveau:green_archwood_sapling":20,"iter_rpg:arcane_flower_seeds":1,"minecraft:repeater":1,"minecraft:stone_pickaxe":10721,"minecraft:oak_planks":160,"minecraft:diamond_axe":14,"transmog:transmogrification_table":1,"ars_nouveau:archwood_planks":1455,"minecraft:note_block":1,"waystones:waystone":1,"farmersdelight:ratatouille":16,"minecraft:melon_slice":10,"minecraft:bread":68,"minecraft:gravel":26,"minecraft:andesite":23,"minecraft:bone_meal":79,"minecraft:cobweb":9,"minecraft:oak_fence":72,"farmersdelight:diamond_knife":2,"woodworks:oak_chest":29,"minecraft:spruce_planks":30,"minecraft:wooden_shovel":128,"minecraft:cooked_chicken":1,"minecraft:dirt":42,"twigs:rhyolite":7,"minecraft:granite":41,"minecraft:dark_oak_planks":25,"minecraft:wooden_axe":17,"minecraft:bookshelf":5,"minecraft:oak_stairs":22,"minecraft:cooked_beef":40,"byg:pink_allium_flower_bush":1,"minecraft:amethyst_block":22,"minecraft:baked_potato":8,"ironchest:wood_to_copper_chest_upgrade":1,"byg:tall_pink_allium":2,"farmersdelight:bacon_and_eggs":16,"supplementaries:cage":7,"minecraft:bucket":34,"minecraft:smooth_stone":1015},"minecraft:killed_by":{"minecraft:pillager":2,"minecraft:ravager":2,"undead_unleashed:shadewraith":1,"minecraft:vindicator":2,"minecraft:zombie":13,"majruszsdifficulty:cursed_armor":1,"minecraft:husk":3,"iter_rpg:water_elemental":2,"minecraft:zombified_piglin":4,"minecraft:drowned":2,"undead_unleashed:haunter":1,"minecraft:player":2,"minecraft:enderman":13,"whisperwoods:zotzpyre":6,"enemyexpansion:equestrian":135,"irons_spellbooks:necromancer":1,"minecraft:skeleton":4,"minecraft:phantom":21,"iter_rpg:scallop":1},"minecraft:broken":{"minecraft:wooden_shovel":1,"simplyswords:diamond_rapier":1,"undead_unleashed:grave_metal_sword":1,"aether:iron_gloves":1,"minecraft:wooden_pickaxe":1,"minecraft:iron_axe":1,"minecraft:iron_pickaxe":8,"minecraft:iron_shovel":1,"undead_unleashed:grave_metal_axe":1,"minecraft:stone_pickaxe":71,"cisco_mod:adventurer_helmet":1},"minecraft:dropped":{"minecraft:lapis_lazuli":64,"minecraft:crafting_table":1,"minecraft:crossbow":9,"minecraft:cracked_stone_bricks":1,"xpbook:xp_tome":2,"minecraft:emerald":4,"twigs:pebble":93,"minecraft:dirt":459,"minecraft:dark_oak_trapdoor":1,"atmospheric:shimmering_passion_fruit":7,"irons_spellbooks:epic_ink":4,"irons_spellbooks:arcane_essence":28,"minecraft:chain":2,"minecraft:sunflower":1,"minecraft:phantom_membrane":6,"forbidden_arcanus:darkstone":67,"minecraft:iron_pickaxe":2,"minecraft:bone":8,"minecraft:note_block":5,"ringsofascension:ring_fire_resistance":1,"byg:green_enchanted_log":28,"minecraft:cobbled_deepslate":5164,"immersive_armors:wooden_boots":3,"minecraft:rotten_flesh":2,"minecraft:oak_planks":49,"apotheosis:gem":5,"iter_rpg:seashell":2,"majruszsaccessories:lucky_rock":1,"byg:blue_enchanted_log":41,"minecraft:enchanted_book":3,"minecraft:iron_ingot":22,"minecraft:wheat_seeds":13,"minecraft:cobblestone":753,"minecraft:prismarine_crystals":3,"minecraft:apple":4,"minecraft:granite":124,"minecraft:coal":3,"byg:pink_allium_flower_bush":27,"origins:orb_of_origin":1,"galosphere:raw_silver":2,"irons_spellbooks:evocation_rune":4,"minecraft:wooden_axe":2,"delightful:acorn":3,"minecraft:oak_stairs":24,"minecraft:white_banner":5,"minecraft:chainmail_leggings":2,"minecraft:iron_shovel":1,"minecraft:string":7,"minecraft:gray_carpet":4,"iter_rpg:potsherd":1,"twigs:rhyolite":110,"minecraft:player_head":2,"minecraft:bowl":6,"majruszsaccessories:owl_feather":1,"minecraft:clay_ball":15,"minecraft:cobbled_deepslate_slab":12,"takesapillage:ravager_horn":1,"minecraft:wooden_shovel":1,"easy_villagers:villager":1,"minecraft:stone_bricks":7,"minecraft:bamboo":2,"byg:tall_pink_allium":5,"byg:dacite_cobblestone":4,"minecraft:dark_oak_stairs":2,"minecraft:flint":37,"minecraft:ice":1,"minecraft:cornflower":1,"immersive_armors:wooden_leggings":2,"byg:embur_gel_branch":3,"minecraft:seagrass":1,"forbidden_arcanus:cherry_sapling":2,"transmog:transmogrification_table":1,"minecraft:amethyst_shard":3,"immersive_armors:wooden_chestplate":2,"twigs:twig":1,"minecraft:gravel":92,"minecraft:carrot":1,"minecraft:chainmail_chestplate":1,"supplementaries:ash":3,"minecraft:chainmail_boots":2,"minecraft:iron_bars":2,"minecraft:arrow":11,"minecraft:bread":1,"minecraft:oak_slab":17,"minecraft:bookshelf":40,"minecraft:prismarine_shard":1,"minecraft:stick":23,"irons_spellbooks:scroll":2,"minecraft:iron_block":4,"minecraft:diorite":161,"minecraft:torch":128,"byg:soapstone":122,"forbidden_arcanus:spawner_scrap":2,"simplyswords:iron_rapier":3,"minecraft:iron_axe":1,"waystones:mossy_waystone":1,"minecraft:dandelion":7,"minecraft:smooth_basalt":48,"minecraft:redstone":42,"minecraft:raw_copper":46,"minecraft:tuff":516,"ars_nouveau:archwood_planks":312,"majruszsaccessories:tool_scraps":2,"minecraft:raw_iron":1,"byg:tall_allium":3,"enemyexpansion:phantom_eye":5,"alexsmobs:bear_fur":2,"twigs:tangerine_seashell":1,"minecraft:shield":2,"minecraft:andesite":99,"minecraft:mossy_stone_bricks":1,"minecraft:oak_sapling":1,"minecraft:golden_sword":1,"minecraft:slime_ball":4,"byg:imbued_blue_enchanted_log":6,"minecraft:stone_pickaxe":2,"minecraft:calcite":31,"immersive_armors:wooden_helmet":2},"minecraft:mined":{"minecraft:dark_oak_planks":193,"minecraft:white_bed":1,"minecraft:obsidian":49,"minecraft:granite":372,"minecraft:coal_block":1,"minecraft:spawner":14,"forbidden_arcanus:thin_cherry_log":16,"minecraft:dark_oak_trapdoor":2,"minecraft:fire":23,"minecraft:cobbled_deepslate":13,"minecraft:deepslate_lapis_ore":16,"bakery:strawberry_taiga":7,"minecraft:oak_stairs":2,"minecraft:spruce_pressure_plate":1,"iter_rpg:arcane_flower":5,"minecraft:tripwire":6,"byg:dacite":8,"minecraft:red_bed":1,"undead_unleashed:ancient_dirt":27,"minecraft:note_block":3,"minecraft:torch":24,"minecraft:dark_oak_wood":7,"byg:imbued_blue_enchanted_log":8,"minecraft:melon":35,"galosphere:silver_ore":5,"minecraft:glass":9,"minecraft:amethyst_block":27,"minecraft:skeleton_skull":2,"minecraft:chain":2,"byg:soapstone":324,"forbidden_arcanus:darkstone":316,"celestisynth:lunar_stone":10,"minecraft:stone_brick_stairs":21,"minecraft:grass":385,"forbidden_arcanus:cherry_log":1,"delightful:mini_melon":8,"minecraft:smooth_basalt":24,"twigs:rhyolite":263,"minecraft:deepslate":6813,"forbidden_arcanus:stella_arcanum":1,"minecraft:mossy_cobblestone":64,"minecraft:sea_lantern":6,"minecraft:dark_oak_fence":1,"forbidden_arcanus:deepslate_arcane_crystal_ore":4,"minecraft:andesite":152,"iter_rpg:geodite":4,"minecraft:oak_slab":10,"twigs:pebble":2,"minecraft:redstone_block":1,"minecraft:potted_lily_of_the_valley":1,"supplementaries:gold_gate":7,"minecraft:observer":1,"minecraft:sponge":2,"iter_rpg:vase":1,"byg:green_enchanted_log":28,"minecraft:copper_ore":34,"minecraft:tall_grass":3,"minecraft:deepslate_gold_ore":45,"minecraft:cracked_deepslate_bricks":2,"minecraft:diorite":315,"minecraft:sunflower":36,"minecraft:gravel":256,"minecraft:cobweb":50,"minecraft:polished_blackstone":20,"minecraft:stone_bricks":29,"byg:tall_allium":11,"minecraft:fern":7,"minecraft:large_amethyst_bud":1,"minecraft:spruce_planks":149,"byg:blue_enchanted_leaves":64,"minecraft:budding_amethyst":5,"minecraft:grass_block":406,"twigs:twig":1,"comforts:sleeping_bag_white":1,"minecraft:smooth_stone":21,"minecraft:sculk_catalyst":1,"minecraft:iron_ore":53,"minecraft:dark_oak_stairs":3,"minecraft:iron_bars":3,"minecraft:spruce_slab":2,"minecraft:deepslate_redstone_ore":1,"byg:white_sand":1510,"undead_unleashed:grave_soil":7,"minecraft:calcite":31,"minecraft:cobblestone":77,"minecraft:oak_planks":29,"minecraft:wall_torch":14,"iter_rpg:arcane_flower_seeds":1,"minecraft:dark_oak_slab":5,"ars_nouveau:archwood_planks":28,"forbidden_arcanus:cherry_planks":2,"minecraft:tnt":2,"minecraft:oak_log":302,"byg:blue_enchanted_log":71,"minecraft:sand":188,"minecraft:dirt":280,"minecraft:oak_leaves":8,"minecraft:red_carpet":6,"minecraft:tuff":597,"minecraft:deepslate_diamond_ore":31,"minecraft:candle":1,"ars_nouveau:green_archwood_leaves":28,"byg:pink_allium_flower_bush":8,"minecraft:glow_lichen":2,"minecraft:hay_block":46,"minecraft:furnace":2,"minecraft:carrots":53,"iter_rpg:small_vase":2,"minecraft:raw_gold_block":2,"minecraft:stripped_spruce_log":9,"byg:allium_flower_bush":1,"minecraft:bookshelf":78,"minecraft:deepslate_iron_ore":22,"minecraft:stone":4064,"ars_nouveau:green_archwood_log":338,"minecraft:stripped_dark_oak_log":2,"minecraft:basalt":1,"minecraft:polished_granite":9,"minecraft:lapis_ore":3,"supplementaries:cage":2,"supplementaries:urn":2,"ars_nouveau:blue_archwood_log":63,"forbidden_arcanus:xpetrified_ore":3,"iter_rpg:abyss_quartz":3,"minecraft:coal_ore":453,"minecraft:gray_carpet":1,"byg:tall_pink_allium":19,"minecraft:cracked_stone_bricks":8,"forbidden_arcanus:gilded_darkstone":1,"minecraft:polished_andesite":8,"minecraft:mossy_stone_bricks":9}},"DataVersion":3120}