{"stats":{"minecraft:mined":{"minecraft:large_amethyst_bud":1,"minecraft:granite":166,"minecraft:budding_amethyst":5,"minecraft:grass_block":252,"minecraft:spawner":2,"minecraft:sculk_catalyst":1,"minecraft:fire":1,"minecraft:iron_ore":35,"minecraft:cobbled_deepslate":2,"minecraft:deepslate_lapis_ore":16,"bakery:strawberry_taiga":1,"minecraft:iron_bars":2,"minecraft:spruce_slab":2,"iter_rpg:arcane_flower":5,"minecraft:tripwire":6,"minecraft:deepslate_redstone_ore":1,"minecraft:torch":18,"minecraft:calcite":31,"galosphere:silver_ore":5,"minecraft:cobblestone":3,"minecraft:oak_planks":3,"minecraft:wall_torch":1,"iter_rpg:arcane_flower_seeds":1,"minecraft:amethyst_block":23,"minecraft:skeleton_skull":1,"minecraft:chain":2,"byg:soapstone":296,"forbidden_arcanus:darkstone":313,"ars_nouveau:archwood_planks":15,"minecraft:tnt":2,"celestisynth:lunar_stone":10,"minecraft:grass":269,"minecraft:oak_log":144,"delightful:mini_melon":6,"minecraft:dirt":143,"minecraft:smooth_basalt":24,"twigs:rhyolite":263,"minecraft:oak_leaves":4,"minecraft:deepslate":5844,"minecraft:tuff":580,"minecraft:red_carpet":6,"forbidden_arcanus:stella_arcanum":1,"minecraft:deepslate_diamond_ore":29,"minecraft:candle":1,"ars_nouveau:green_archwood_leaves":28,"minecraft:sea_lantern":6,"byg:pink_allium_flower_bush":3,"minecraft:glow_lichen":2,"iter_rpg:small_vase":2,"minecraft:andesite":152,"minecraft:stripped_spruce_log":9,"minecraft:bookshelf":24,"iter_rpg:geodite":3,"minecraft:deepslate_iron_ore":15,"minecraft:stone":887,"twigs:pebble":2,"minecraft:redstone_block":1,"ars_nouveau:green_archwood_log":336,"minecraft:potted_lily_of_the_valley":1,"iter_rpg:vase":1,"minecraft:copper_ore":34,"minecraft:lapis_ore":3,"minecraft:deepslate_gold_ore":36,"minecraft:cracked_deepslate_bricks":2,"minecraft:diorite":240,"supplementaries:urn":2,"ars_nouveau:blue_archwood_log":63,"forbidden_arcanus:xpetrified_ore":2,"iter_rpg:abyss_quartz":2,"minecraft:coal_ore":72,"minecraft:sunflower":36,"minecraft:gravel":86,"byg:tall_pink_allium":6,"minecraft:cobweb":13,"minecraft:cracked_stone_bricks":7,"forbidden_arcanus:gilded_darkstone":1,"minecraft:stone_bricks":27,"byg:tall_allium":7,"minecraft:mossy_stone_bricks":7,"minecraft:fern":4},"minecraft:dropped":{"minecraft:lapis_lazuli":64,"minecraft:crafting_table":1,"minecraft:flint":16,"minecraft:emerald":4,"minecraft:dirt":366,"immersive_armors:wooden_leggings":2,"minecraft:chain":2,"minecraft:sunflower":1,"minecraft:phantom_membrane":6,"forbidden_arcanus:darkstone":67,"immersive_armors:wooden_chestplate":2,"minecraft:gravel":58,"minecraft:cobbled_deepslate":4497,"immersive_armors:wooden_boots":3,"minecraft:rotten_flesh":2,"minecraft:oak_planks":4,"apotheosis:gem":5,"minecraft:iron_bars":2,"minecraft:iron_ingot":22,"minecraft:cobblestone":388,"minecraft:prismarine_crystals":3,"minecraft:apple":4,"minecraft:granite":124,"minecraft:stick":7,"byg:pink_allium_flower_bush":8,"origins:orb_of_origin":1,"galosphere:raw_silver":2,"minecraft:diorite":161,"byg:soapstone":122,"minecraft:wooden_axe":2,"forbidden_arcanus:spawner_scrap":2,"delightful:acorn":2,"simplyswords:iron_rapier":3,"minecraft:iron_axe":1,"minecraft:iron_shovel":1,"minecraft:string":5,"iter_rpg:potsherd":1,"minecraft:smooth_basalt":48,"minecraft:redstone":32,"twigs:rhyolite":110,"minecraft:raw_copper":40,"minecraft:bowl":6,"ars_nouveau:archwood_planks":312,"minecraft:tuff":516,"byg:tall_allium":2,"minecraft:cobbled_deepslate_slab":12,"minecraft:andesite":99,"minecraft:wooden_shovel":1,"minecraft:stone_bricks":6,"minecraft:calcite":31,"immersive_armors:wooden_helmet":2},"minecraft:custom":{"enigmaticlegacy:play_time_with_seven_curses":272514,"lootr:looted_stat":6,"minecraft:interact_with_crafting_table":64,"minecraft:open_barrel":7,"goblintraders:trade_with_goblin":197,"minecraft:leave_game":7,"minecraft:time_since_death":78,"minecraft:damage_resisted":0,"minecraft:sprint_one_cm":480641,"minecraft:drop":206,"minecraft:talked_to_villager":4,"minecraft:play_time":285390,"minecraft:deaths":149,"minecraft:jump":2638,"minecraft:walk_on_water_one_cm":25600,"minecraft:interact_with_furnace":20,"minecraft:damage_dealt":35285,"minecraft:crouch_one_cm":62720,"minecraft:mob_kills":103,"minecraft:damage_dealt_resisted":0,"minecraft:walk_one_cm":1103258,"minecraft:target_hit":1,"minecraft:sneak_time":17577,"minecraft:walk_under_water_one_cm":19612,"minecraft:total_world_time":285390,"enigmaticlegacy:play_time_without_seven_curses":2324,"minecraft:time_since_rest":104,"minecraft:damage_taken":40089,"minecraft:damage_absorbed":160,"minecraft:swim_one_cm":23872,"minecraft:fly_one_cm":611115,"minecraft:open_chest":58,"minecraft:fall_one_cm":56902},"minecraft:crafted":{"minecraft:oak_planks":100,"ars_nouveau:archwood_planks":1140,"minecraft:copper_block":15,"galosphere:silver_ingot":4,"minecraft:emerald":17,"minecraft:crafting_table":1,"minecraft:wooden_pickaxe":1,"minecraft:copper_ingot":248,"minecraft:gold_block":7,"minecraft:iron_chestplate":1,"minecraft:diamond_pickaxe":1,"minecraft:stick":170,"minecraft:iron_ingot":127,"minecraft:iron_pickaxe":4,"minecraft:iron_block":7,"minecraft:gold_ingot":111,"minecraft:wooden_sword":1,"minecraft:furnace":5,"minecraft:leather":1,"minecraft:iron_axe":1,"minecraft:stone_pickaxe":43,"minecraft:redstone_block":7,"minecraft:air":0,"woodworks:oak_chest":1,"minecraft:flint":64,"minecraft:wooden_axe":1,"minecraft:torch":136,"minecraft:lapis_block":30,"minecraft:diamond_chestplate":1},"minecraft:broken":{"minecraft:wooden_shovel":1,"minecraft:stone_pickaxe":56,"aether:iron_gloves":1,"minecraft:wooden_pickaxe":1,"minecraft:iron_axe":1,"minecraft:iron_pickaxe":3},"minecraft:killed_by":{"undead_unleashed:shadewraith":1,"minecraft:drowned":1,"undead_unleashed:haunter":1,"minecraft:zombie":6,"minecraft:husk":1,"minecraft:player":1,"minecraft:enderman":1,"whisperwoods:zotzpyre":6,"enemyexpansion:equestrian":111,"minecraft:skeleton":3,"minecraft:phantom":11},"minecraft:used":{"minecraft:iron_shovel":208,"simplyswords:diamond_rapier":1117,"undead_unleashed:grave_metal_axe":4,"minecraft:grass_block":1,"ars_nouveau:green_archwood_sapling":20,"minecraft:bow":57,"minecraft:furnace":5,"minecraft:mossy_stone_bricks":6,"minecraft:diorite":23,"ars_nouveau:blue_archwood_sapling":7,"simplyswords:iron_rapier":9,"minecraft:stone_pickaxe":7942,"minecraft:oak_planks":109,"minecraft:wooden_pickaxe":59,"minecraft:golden_apple":7,"ars_nouveau:archwood_planks":1402,"farmersdelight:ratatouille":16,"minecraft:andesite":23,"woodworks:oak_chest":8,"minecraft:wooden_shovel":128,"minecraft:torch":197,"minecraft:dirt":19,"twigs:rhyolite":7,"minecraft:granite":25,"minecraft:wooden_axe":17,"minecraft:iron_axe":579,"minecraft:cooked_beef":13,"minecraft:cobbled_deepslate":143,"minecraft:water_bucket":1,"minecraft:cracked_stone_bricks":3,"minecraft:crafting_table":8,"byg:tall_pink_allium":1,"farmersdelight:bacon_and_eggs":16,"minecraft:diamond_pickaxe":235,"minecraft:sunflower":1,"minecraft:iron_pickaxe":987,"minecraft:cobblestone":16,"minecraft:bucket":2},"minecraft:killed":{"enemyexpansion:equestrian":2,"minecraft:spider":7,"minecraft:skeleton":16,"minecraft:pig":3,"enemyexpansion:meature":2,"minecraft:zombie":18,"undead_unleashed:shadewraith":1,"enemyexpansion:botfly":2,"minecraft:stray":7,"alexsmobs:fly":2,"whisperwoods:moth":1,"enemyexpansion:direwolf":4,"minecraft:phantom":23,"minecraft:drowned":1,"minecraft:husk":3,"aquaculture:atlantic_halibut":1,"majruszsdifficulty:cursed_armor":1,"minecraft:squid":1,"whisperwoods:zotzpyre":1,"minecraft:enderman":1},"minecraft:picked_up":{"minecraft:wooden_axe":1,"minecraft:flower_pot":1,"minecraft:potion":1,"simplyswords:iron_rapier":2,"minecraft:amethyst_block":22,"forbidden_arcanus:xpetrified_orb":2,"minecraft:string":79,"minecraft:raw_copper":239,"minecraft:experience_bottle":1,"minecraft:cobbled_deepslate":3999,"bosses_of_mass_destruction:soul_star":1,"delightful:acorn":2,"twigs:pebble":2,"celestisynth:lunar_stone":14,"minecraft:calcite":31,"minecraft:ender_eye":2,"minecraft:iron_pickaxe":1,"farmersdelight:ratatouille":9,"minecraft:tipped_arrow":3,"minecraft:stick":5,"apotheosis:rare_material":10,"apotheosis:gem":20,"minecraft:torch":66,"minecraft:porkchop":7,"minecraft:diorite":285,"minecraft:rotten_flesh":46,"iter_rpg:arcane_flower_seeds":1,"supplementaries:ash":8,"minecraft:iron_bars":4,"minecraft:cobblestone":975,"majruszsaccessories:tool_scraps":3,"minecraft:andesite":138,"minecraft:flint":16,"minecraft:tuff":630,"minecraft:wither_skeleton_skull":2,"minecraft:lapis_lazuli":327,"minecraft:dirt":312,"minecraft:bone":74,"iter_rpg:arcane_flower":5,"minecraft:bow":3,"delightful:mini_melon":6,"minecraft:wheat_seeds":44,"minecraft:raw_gold":74,"minecraft:cobbled_deepslate_slab":6,"minecraft:mossy_stone_bricks":6,"galosphere:raw_silver":8,"twigs:twig":49,"minecraft:oak_planks":11,"irons_spellbooks:frozen_bone":23,"patchouli:guide_book":2,"minecraft:ink_sac":4,"iter_rpg:stone_geode":33,"minecraft:grass_block":1,"minecraft:lily_of_the_valley":1,"forbidden_arcanus:ender_pearl_fragment":2,"minecraft:diamond":58,"iter_rpg:abyssquartz_shard":4,"minecraft:granite":173,"minecraft:golden_apple":22,"minecraft:emerald":20,"alexsmobs:maggot":1,"twigs:rhyolite":117,"cisco_mod:brightsteel_ingot":2,"minecraft:diamond_pickaxe":1,"byg:soapstone":132,"minecraft:leather_leggings":1,"byg:tall_pink_allium":4,"ars_nouveau:blue_archwood_sapling":7,"minecraft:chain":2,"ars_nouveau:archwood_planks":347,"skilltree:wisdom_scroll":1,"minecraft:iron_axe":1,"minecraft:cracked_stone_bricks":5,"byg:pink_allium_flower_bush":17,"immersive_armors:wooden_leggings":1,"minecraft:spruce_slab":1,"minecraft:phantom_membrane":35,"forbidden_arcanus:gilded_darkstone":1,"minecraft:raw_iron":98,"minecraft:bowl":12,"ars_nouveau:blue_archwood_log":63,"immersive_armors:divine_leggings":2,"ars_nouveau:frostaya_pod":3,"minecraft:carrot":1,"origins:orb_of_origin":1,"minecraft:redstone":102,"minecraft:prismarine_crystals":3,"ars_nouveau:green_archwood_log":395,"minecraft:tnt":2,"immersive_armors:wooden_helmet":2,"minecraft:arrow":222,"majruszsaccessories:lucky_rock":2,"minecraft:cracked_deepslate_bricks":2,"forbidden_arcanus:spawner_scrap":4,"simplyswords:diamond_rapier":3,"minecraft:oak_log":144,"minecraft:gunpowder":1,"minecraft:red_carpet":6,"ars_nouveau:green_archwood_sapling":68,"minecraft:apple":9,"minecraft:stone_bricks":20,"byg:red_oak_sapling":9,"iter_rpg:potsherd":1,"minecraft:iron_ingot":22,"minecraft:stone_pickaxe":1,"apotheosis:gem_dust":2,"iter_rpg:deepslate_geode":1,"forbidden_arcanus:darkstone":67,"minecraft:book":72,"enemyexpansion:phantom_eye":2,"minecraft:smooth_basalt":48,"minecraft:gravel":90,"enigmaticlegacy:enigmatic_amulet":1,"undead_unleashed:grave_metal_scrap":20,"farmersdelight:bacon_and_eggs":25,"minecraft:slime_ball":12,"byg:tall_allium":6,"immersive_armors:wooden_chestplate":1,"undead_unleashed:grave_metal_axe":2,"immersive_armors:wooden_boots":2,"minecraft:coal":201,"enigmaticlegacy:magnet_ring":1,"minecraft:ender_pearl":2,"minecraft:sunflower":35}},"DataVersion":3120}