{"stats":{"minecraft:mined":{"minecraft:large_amethyst_bud":1,"minecraft:red_carpet":6,"minecraft:tuff":580,"forbidden_arcanus:stella_arcanum":1,"minecraft:deepslate_diamond_ore":29,"minecraft:candle":1,"ars_nouveau:green_archwood_leaves":28,"minecraft:sea_lantern":6,"byg:pink_allium_flower_bush":2,"minecraft:glow_lichen":2,"minecraft:granite":166,"minecraft:budding_amethyst":5,"minecraft:grass_block":252,"minecraft:spawner":2,"minecraft:sculk_catalyst":1,"iter_rpg:small_vase":2,"minecraft:iron_ore":35,"minecraft:cobbled_deepslate":2,"minecraft:andesite":152,"minecraft:stripped_spruce_log":9,"minecraft:deepslate_lapis_ore":16,"minecraft:bookshelf":24,"minecraft:deepslate_iron_ore":15,"bakery:strawberry_taiga":1,"iter_rpg:geodite":3,"minecraft:iron_bars":2,"minecraft:stone":887,"minecraft:spruce_slab":2,"iter_rpg:arcane_flower":5,"minecraft:tripwire":6,"minecraft:deepslate_redstone_ore":1,"twigs:pebble":2,"minecraft:redstone_block":1,"ars_nouveau:green_archwood_log":239,"minecraft:potted_lily_of_the_valley":1,"minecraft:torch":18,"minecraft:calcite":31,"iter_rpg:vase":1,"galosphere:silver_ore":5,"minecraft:copper_ore":34,"minecraft:cobblestone":3,"minecraft:lapis_ore":3,"minecraft:deepslate_gold_ore":36,"minecraft:oak_planks":3,"minecraft:cracked_deepslate_bricks":2,"minecraft:diorite":240,"minecraft:amethyst_block":23,"minecraft:wall_torch":1,"iter_rpg:arcane_flower_seeds":1,"supplementaries:urn":2,"minecraft:skeleton_skull":1,"minecraft:chain":2,"byg:soapstone":296,"ars_nouveau:blue_archwood_log":63,"forbidden_arcanus:darkstone":313,"forbidden_arcanus:xpetrified_ore":2,"ars_nouveau:archwood_planks":12,"iter_rpg:abyss_quartz":2,"celestisynth:lunar_stone":10,"minecraft:tnt":2,"minecraft:grass":258,"minecraft:coal_ore":71,"minecraft:oak_log":141,"minecraft:sunflower":35,"minecraft:gravel":86,"minecraft:dirt":143,"byg:tall_pink_allium":2,"minecraft:cobweb":13,"minecraft:smooth_basalt":24,"minecraft:cracked_stone_bricks":7,"twigs:rhyolite":263,"forbidden_arcanus:gilded_darkstone":1,"minecraft:stone_bricks":27,"byg:tall_allium":2,"minecraft:mossy_stone_bricks":7,"minecraft:oak_leaves":4,"minecraft:fern":3,"minecraft:deepslate":5844},"minecraft:dropped":{"minecraft:lapis_lazuli":64,"minecraft:crafting_table":1,"minecraft:prismarine_crystals":3,"minecraft:cobblestone":388,"minecraft:apple":4,"minecraft:granite":124,"minecraft:flint":16,"minecraft:stick":7,"minecraft:emerald":4,"minecraft:dirt":366,"byg:pink_allium_flower_bush":8,"galosphere:raw_silver":2,"minecraft:diorite":161,"immersive_armors:wooden_leggings":2,"byg:soapstone":122,"minecraft:wooden_axe":2,"minecraft:chain":2,"forbidden_arcanus:spawner_scrap":2,"minecraft:phantom_membrane":6,"simplyswords:iron_rapier":3,"delightful:acorn":2,"forbidden_arcanus:darkstone":67,"minecraft:iron_axe":1,"immersive_armors:wooden_chestplate":2,"minecraft:iron_shovel":1,"minecraft:string":5,"iter_rpg:potsherd":1,"minecraft:smooth_basalt":48,"minecraft:redstone":32,"minecraft:gravel":58,"twigs:rhyolite":110,"minecraft:cobbled_deepslate":4497,"minecraft:raw_copper":40,"minecraft:bowl":6,"ars_nouveau:archwood_planks":248,"minecraft:tuff":516,"immersive_armors:wooden_boots":3,"minecraft:rotten_flesh":2,"byg:tall_allium":2,"minecraft:oak_planks":4,"minecraft:cobbled_deepslate_slab":12,"minecraft:andesite":99,"apotheosis:gem":5,"minecraft:wooden_shovel":1,"minecraft:stone_bricks":6,"minecraft:iron_bars":2,"minecraft:calcite":31,"immersive_armors:wooden_helmet":2},"minecraft:custom":{"enigmaticlegacy:play_time_with_seven_curses":217326,"lootr:looted_stat":6,"minecraft:mob_kills":41,"minecraft:interact_with_crafting_table":60,"minecraft:open_barrel":7,"goblintraders:trade_with_goblin":197,"minecraft:damage_dealt_resisted":0,"minecraft:leave_game":3,"minecraft:time_since_death":66783,"minecraft:damage_resisted":0,"minecraft:sprint_one_cm":289150,"minecraft:walk_one_cm":776841,"minecraft:drop":202,"minecraft:talked_to_villager":1,"minecraft:target_hit":1,"minecraft:sneak_time":14780,"minecraft:play_time":219956,"minecraft:deaths":10,"minecraft:walk_under_water_one_cm":17506,"minecraft:jump":1624,"minecraft:walk_on_water_one_cm":22344,"minecraft:total_world_time":219956,"minecraft:interact_with_furnace":20,"enigmaticlegacy:play_time_without_seven_curses":2324,"minecraft:time_since_rest":66815,"minecraft:damage_taken":5805,"minecraft:damage_absorbed":120,"minecraft:damage_dealt":16214,"minecraft:swim_one_cm":14469,"minecraft:fly_one_cm":273611,"minecraft:open_chest":34,"minecraft:crouch_one_cm":46527,"minecraft:fall_one_cm":29597},"minecraft:crafted":{"minecraft:wooden_sword":1,"minecraft:oak_planks":88,"ars_nouveau:archwood_planks":948,"minecraft:furnace":5,"minecraft:leather":1,"minecraft:iron_axe":1,"minecraft:stone_pickaxe":43,"galosphere:silver_ingot":4,"minecraft:copper_block":15,"minecraft:redstone_block":7,"minecraft:emerald":17,"minecraft:crafting_table":1,"minecraft:wooden_pickaxe":1,"minecraft:copper_ingot":248,"minecraft:gold_block":7,"minecraft:air":0,"minecraft:iron_chestplate":1,"minecraft:diamond_pickaxe":1,"minecraft:stick":142,"minecraft:flint":64,"minecraft:iron_ingot":127,"minecraft:iron_pickaxe":4,"minecraft:wooden_axe":1,"minecraft:iron_block":7,"minecraft:gold_ingot":111,"minecraft:torch":136,"minecraft:lapis_block":30,"minecraft:diamond_chestplate":1},"minecraft:broken":{"minecraft:wooden_shovel":1,"minecraft:wooden_pickaxe":1,"minecraft:stone_pickaxe":56,"minecraft:iron_pickaxe":3},"minecraft:killed_by":{"whisperwoods:zotzpyre":6,"minecraft:skeleton":2,"minecraft:zombie":1},"minecraft:used":{"minecraft:iron_shovel":208,"woodworks:oak_chest":7,"minecraft:wooden_shovel":128,"minecraft:torch":189,"minecraft:dirt":19,"simplyswords:diamond_rapier":457,"twigs:rhyolite":7,"undead_unleashed:grave_metal_axe":1,"minecraft:granite":25,"minecraft:wooden_axe":17,"minecraft:iron_axe":472,"ars_nouveau:green_archwood_sapling":18,"minecraft:bow":45,"minecraft:furnace":5,"minecraft:cobbled_deepslate":143,"minecraft:mossy_stone_bricks":6,"minecraft:diorite":23,"ars_nouveau:blue_archwood_sapling":7,"simplyswords:iron_rapier":9,"minecraft:stone_pickaxe":7942,"minecraft:oak_planks":109,"minecraft:wooden_pickaxe":59,"minecraft:cracked_stone_bricks":3,"minecraft:golden_apple":6,"minecraft:crafting_table":8,"ars_nouveau:archwood_planks":1142,"farmersdelight:bacon_and_eggs":15,"farmersdelight:ratatouille":16,"minecraft:diamond_pickaxe":235,"minecraft:sunflower":1,"minecraft:iron_pickaxe":986,"minecraft:cobblestone":16,"minecraft:andesite":23},"minecraft:killed":{"minecraft:spider":7,"enemyexpansion:direwolf":2,"minecraft:phantom":11,"minecraft:skeleton":6,"minecraft:drowned":1,"minecraft:pig":3,"aquaculture:atlantic_halibut":1,"majruszsdifficulty:cursed_armor":1,"minecraft:squid":1,"whisperwoods:zotzpyre":1,"enemyexpansion:meature":2,"minecraft:zombie":3,"undead_unleashed:shadewraith":1,"whisperwoods:moth":1},"minecraft:picked_up":{"minecraft:wooden_axe":1,"byg:soapstone":132,"minecraft:flower_pot":1,"minecraft:leather_leggings":1,"ars_nouveau:blue_archwood_sapling":7,"minecraft:potion":1,"simplyswords:iron_rapier":2,"minecraft:chain":2,"minecraft:amethyst_block":22,"ars_nouveau:archwood_planks":268,"forbidden_arcanus:xpetrified_orb":2,"minecraft:string":79,"minecraft:raw_copper":239,"minecraft:iron_axe":1,"minecraft:cracked_stone_bricks":5,"minecraft:cobbled_deepslate":3999,"twigs:pebble":2,"delightful:acorn":2,"celestisynth:lunar_stone":14,"byg:pink_allium_flower_bush":17,"immersive_armors:wooden_leggings":1,"minecraft:calcite":31,"minecraft:iron_pickaxe":1,"minecraft:spruce_slab":1,"minecraft:phantom_membrane":18,"minecraft:stick":5,"forbidden_arcanus:gilded_darkstone":1,"minecraft:raw_iron":98,"apotheosis:gem":16,"minecraft:bowl":3,"minecraft:torch":63,"ars_nouveau:blue_archwood_log":63,"minecraft:porkchop":7,"ars_nouveau:frostaya_pod":3,"minecraft:diorite":285,"minecraft:redstone":102,"minecraft:prismarine_crystals":3,"ars_nouveau:green_archwood_log":238,"minecraft:tnt":2,"immersive_armors:wooden_helmet":1,"minecraft:arrow":82,"minecraft:rotten_flesh":6,"majruszsaccessories:lucky_rock":2,"minecraft:cracked_deepslate_bricks":2,"iter_rpg:arcane_flower_seeds":1,"supplementaries:ash":1,"forbidden_arcanus:spawner_scrap":4,"minecraft:iron_bars":4,"minecraft:cobblestone":975,"majruszsaccessories:tool_scraps":2,"simplyswords:diamond_rapier":1,"minecraft:andesite":138,"minecraft:flint":16,"minecraft:tuff":630,"minecraft:oak_log":141,"minecraft:gunpowder":1,"minecraft:wither_skeleton_skull":1,"minecraft:lapis_lazuli":327,"minecraft:dirt":310,"ars_nouveau:green_archwood_sapling":42,"minecraft:red_carpet":6,"minecraft:bone":55,"iter_rpg:arcane_flower":5,"minecraft:apple":8,"minecraft:stone_bricks":20,"minecraft:bow":1,"byg:red_oak_sapling":9,"minecraft:wheat_seeds":42,"minecraft:raw_gold":74,"minecraft:cobbled_deepslate_slab":6,"iter_rpg:potsherd":1,"minecraft:stone_pickaxe":1,"minecraft:mossy_stone_bricks":6,"twigs:twig":33,"galosphere:raw_silver":8,"apotheosis:gem_dust":2,"minecraft:oak_planks":11,"forbidden_arcanus:darkstone":67,"minecraft:book":72,"minecraft:smooth_basalt":48,"enemyexpansion:phantom_eye":2,"minecraft:gravel":90,"undead_unleashed:grave_metal_scrap":3,"minecraft:ink_sac":4,"minecraft:lily_of_the_valley":1,"iter_rpg:stone_geode":32,"farmersdelight:bacon_and_eggs":11,"minecraft:diamond":55,"immersive_armors:wooden_chestplate":1,"byg:tall_allium":2,"iter_rpg:abyssquartz_shard":4,"minecraft:granite":173,"minecraft:golden_apple":22,"undead_unleashed:grave_metal_axe":1,"minecraft:emerald":20,"minecraft:coal":198,"twigs:rhyolite":117,"immersive_armors:wooden_boots":2,"minecraft:diamond_pickaxe":1,"minecraft:sunflower":34}},"DataVersion":3120}