{"stats":{"minecraft:mined":{"ars_nouveau:green_archwood_log":125,"minecraft:grass_block":3,"byg:prairie_grass":32,"minecraft:grass":5,"minecraft:oak_log":64,"minecraft:dirt":1,"byg:tall_allium":1,"byg:tall_prairie_grass":36},"minecraft:dropped":{"alexsmobs:maggot":1,"minecraft:cooked_beef":107,"enigmaticlegacy:cursed_ring":1,"relics:holy_locket":1,"immersive_armors:wooden_helmet":1},"minecraft:custom":{"enigmaticlegacy:play_time_with_seven_curses":0,"lootr:looted_stat":1,"minecraft:mob_kills":26,"enigmaticlegacy:play_time_without_seven_curses":77429,"minecraft:interact_with_crafting_table":8,"minecraft:damage_dealt_resisted":0,"minecraft:leave_game":1,"minecraft:time_since_death":798,"minecraft:damage_resisted":0,"minecraft:time_since_rest":823,"minecraft:sprint_one_cm":57416,"minecraft:walk_one_cm":568263,"minecraft:damage_taken":9428,"minecraft:drop":33,"minecraft:damage_dealt":17880,"minecraft:fly_one_cm":129372,"minecraft:swim_one_cm":3473,"minecraft:talked_to_villager":2,"minecraft:player_kills":1,"minecraft:open_chest":36,"minecraft:crouch_one_cm":2237,"minecraft:play_time":78648,"minecraft:deaths":23,"minecraft:sneak_time":356,"minecraft:walk_under_water_one_cm":19546,"minecraft:jump":1015,"minecraft:walk_on_water_one_cm":16437,"minecraft:total_world_time":78648,"minecraft:fall_one_cm":9754},"minecraft:crafted":{"ars_nouveau:archwood_planks":4,"woodworks:oak_chest":5},"minecraft:broken":{"minecraft:wooden_sword":1},"minecraft:killed_by":{"minecraft:wither_skeleton":1,"minecraft:skeleton":5,"minecraft:stray":1,"minecraft:creeper":1,"enemyexpansion:equestrian":12,"enemyexpansion:huntsman":1,"majruszsdifficulty:tank":2},"minecraft:used":{"cisco_mod:adventurer_leggings":1,"cisco_mod:adventurer_chestplate":2,"woodworks:oak_chest":2,"simplyswords:diamond_rapier":189,"farmersdelight:bacon_and_eggs":7,"farmersdelight:ratatouille":9,"cisco_mod:adventurer_helmet":3,"minecraft:wooden_sword":59,"cisco_mod:adventurer_boots":2,"alexsmobs:animal_dictionary":1,"minecraft:experience_bottle":7,"minecraft:chainmail_leggings":1},"minecraft:killed":{"minecraft:husk":3,"minecraft:pig":1,"minecraft:spider":2,"majruszsdifficulty:tank":2,"minecraft:phantom":3,"minecraft:sheep":1,"minecraft:skeleton":6,"minecraft:zombie":8,"undead_unleashed:haunter":2,"minecraft:wither_skeleton":1},"minecraft:picked_up":{"majruszsaccessories:tool_scraps":1,"minecraft:cooked_beef":107,"simplyswords:diamond_rapier":1,"relics:holy_locket":2,"byg:tall_pink_allium":3,"minecraft:oak_log":64,"minecraft:wither_skeleton_skull":1,"minecraft:dirt":5,"minecraft:item_frame":1,"minecraft:zombie_head":1,"ars_nouveau:green_archwood_sapling":8,"minecraft:bone":17,"minecraft:wheat_seeds":7,"byg:pink_allium_flower_bush":4,"minecraft:spruce_slab":1,"twigs:twig":10,"minecraft:tipped_arrow":1,"apotheosis:gem":1,"irons_spellbooks:frozen_bone":10,"patchouli:guide_book":1,"minecraft:porkchop":2,"undead_unleashed:grave_metal_scrap":6,"alexsmobs:animal_dictionary":1,"farmersdelight:bacon_and_eggs":14,"ars_nouveau:green_archwood_log":65,"byg:biomepedia":1,"minecraft:arrow":19,"minecraft:rotten_flesh":6,"ars_nouveau:worn_notebook":1,"byg:tall_allium":2,"minecraft:iron_block":1,"supplementaries:ash":1,"alexsmobs:maggot":1,"minecraft:white_wool":1,"minecraft:sunflower":1}},"DataVersion":3120}