{"stats":{"minecraft:mined":{"ars_nouveau:green_archwood_log":125,"byg:prairie_grass":32,"minecraft:grass":3,"byg:tall_prairie_grass":36},"minecraft:dropped":{"minecraft:cooked_beef":107,"relics:holy_locket":1,"enigmaticlegacy:cursed_ring":1},"minecraft:custom":{"minecraft:time_since_rest":3119,"enigmaticlegacy:play_time_with_seven_curses":0,"lootr:looted_stat":1,"minecraft:sprint_one_cm":19587,"minecraft:damage_taken":3964,"minecraft:walk_one_cm":351687,"minecraft:mob_kills":4,"minecraft:drop":31,"minecraft:damage_dealt":5632,"enigmaticlegacy:play_time_without_seven_curses":54246,"minecraft:player_kills":1,"minecraft:talked_to_villager":2,"minecraft:swim_one_cm":3473,"minecraft:interact_with_crafting_table":4,"minecraft:fly_one_cm":44176,"minecraft:open_chest":22,"minecraft:crouch_one_cm":2197,"minecraft:play_time":54648,"minecraft:deaths":7,"minecraft:sneak_time":343,"minecraft:walk_under_water_one_cm":12040,"minecraft:jump":569,"minecraft:damage_dealt_resisted":0,"minecraft:leave_game":1,"minecraft:time_since_death":2921,"minecraft:walk_on_water_one_cm":6213,"minecraft:total_world_time":54648,"minecraft:damage_resisted":0,"minecraft:fall_one_cm":3897},"minecraft:crafted":{"ars_nouveau:archwood_planks":4},"minecraft:broken":{"minecraft:wooden_sword":1},"minecraft:killed_by":{"enemyexpansion:equestrian":1,"enemyexpansion:huntsman":1,"minecraft:skeleton":4,"minecraft:creeper":1},"minecraft:used":{"farmersdelight:bacon_and_eggs":2,"farmersdelight:ratatouille":8,"minecraft:wooden_sword":59,"simplyswords:diamond_rapier":2,"alexsmobs:animal_dictionary":1,"minecraft:experience_bottle":7},"minecraft:killed":{"minecraft:skeleton":3,"minecraft:pig":1,"minecraft:spider":2},"minecraft:picked_up":{"minecraft:cooked_beef":107,"relics:holy_locket":1,"byg:tall_pink_allium":3,"minecraft:porkchop":2,"undead_unleashed:grave_metal_scrap":1,"minecraft:dirt":3,"ars_nouveau:green_archwood_log":65,"minecraft:bone":2,"minecraft:item_frame":1,"minecraft:arrow":6,"ars_nouveau:green_archwood_sapling":8,"minecraft:zombie_head":1,"minecraft:wheat_seeds":7,"byg:tall_allium":1,"byg:pink_allium_flower_bush":4,"minecraft:iron_block":1,"alexsmobs:maggot":1,"minecraft:spruce_slab":1,"twigs:twig":5}},"DataVersion":3120}