{"stats":{"minecraft:mined":{"ars_nouveau:green_archwood_log":1,"byg:prairie_grass":32,"minecraft:grass":1,"byg:tall_prairie_grass":36},"minecraft:dropped":{"enigmaticlegacy:cursed_ring":1},"minecraft:custom":{"minecraft:time_since_rest":11047,"enigmaticlegacy:play_time_with_seven_curses":0,"lootr:looted_stat":1,"minecraft:sprint_one_cm":12580,"minecraft:damage_taken":3128,"minecraft:walk_one_cm":229473,"minecraft:mob_kills":2,"minecraft:drop":1,"minecraft:damage_dealt":1701,"enigmaticlegacy:play_time_without_seven_curses":37438,"minecraft:swim_one_cm":2259,"minecraft:talked_to_villager":2,"minecraft:interact_with_crafting_table":2,"minecraft:fly_one_cm":26901,"minecraft:open_chest":15,"minecraft:crouch_one_cm":2197,"minecraft:play_time":37642,"minecraft:deaths":6,"minecraft:sneak_time":332,"minecraft:walk_under_water_one_cm":8152,"minecraft:jump":412,"minecraft:damage_dealt_resisted":0,"minecraft:leave_game":1,"minecraft:time_since_death":11007,"minecraft:walk_on_water_one_cm":3278,"minecraft:total_world_time":37642,"minecraft:fall_one_cm":3122},"minecraft:crafted":{"ars_nouveau:archwood_planks":4},"minecraft:killed_by":{"enemyexpansion:huntsman":1,"minecraft:skeleton":4,"minecraft:creeper":1},"minecraft:used":{"farmersdelight:ratatouille":5,"minecraft:wooden_sword":39,"alexsmobs:animal_dictionary":1,"minecraft:experience_bottle":7},"minecraft:killed":{"minecraft:pig":1,"minecraft:spider":1},"minecraft:picked_up":{"byg:tall_pink_allium":3,"minecraft:porkchop":2,"minecraft:dirt":3,"ars_nouveau:green_archwood_log":1,"minecraft:item_frame":1,"minecraft:zombie_head":1,"minecraft:wheat_seeds":7,"byg:tall_allium":1,"byg:pink_allium_flower_bush":4,"minecraft:spruce_slab":1,"alexsmobs:maggot":1}},"DataVersion":3120}