{"stats":{"minecraft:broken":{"minecraft:stone_pickaxe":2,"minecraft:wooden_sword":1},"minecraft:custom":{"enigmaticlegacy:play_time_with_seven_curses":0,"minecraft:interact_with_furnace":3,"lootr:looted_stat":1,"minecraft:mob_kills":41,"enigmaticlegacy:play_time_without_seven_curses":160921,"minecraft:interact_with_crafting_table":11,"minecraft:damage_dealt_resisted":0,"minecraft:leave_game":3,"minecraft:time_since_death":84290,"minecraft:damage_resisted":0,"minecraft:time_since_rest":84315,"minecraft:waystone_activated":1,"minecraft:damage_absorbed":12,"minecraft:sprint_one_cm":73572,"minecraft:damage_taken":10848,"minecraft:walk_one_cm":875082,"minecraft:drop":51,"minecraft:damage_dealt":22939,"minecraft:swim_one_cm":3473,"minecraft:talked_to_villager":3,"minecraft:player_kills":1,"minecraft:fly_one_cm":165752,"minecraft:open_chest":76,"minecraft:crouch_one_cm":2270,"minecraft:play_time":162140,"minecraft:deaths":23,"minecraft:sneak_time":537,"minecraft:walk_under_water_one_cm":19546,"minecraft:jump":1507,"minecraft:enchant_item":5,"minecraft:walk_on_water_one_cm":16437,"minecraft:total_world_time":162140,"minecraft:fall_one_cm":14618},"minecraft:killed_by":{"minecraft:wither_skeleton":1,"minecraft:skeleton":5,"minecraft:stray":1,"minecraft:creeper":1,"enemyexpansion:equestrian":12,"enemyexpansion:huntsman":1,"majruszsdifficulty:tank":2},"minecraft:mined":{"minecraft:spruce_planks":6,"ars_nouveau:green_archwood_log":125,"minecraft:grass_block":6,"minecraft:wall_torch":1,"minecraft:iron_ore":1,"byg:prairie_grass":32,"minecraft:tnt":1,"minecraft:grass":5,"minecraft:coal_ore":42,"minecraft:oak_log":64,"minecraft:dirt":66,"minecraft:stone":910,"byg:tall_allium":1,"byg:tall_prairie_grass":36},"minecraft:crafted":{"ars_nouveau:archwood_planks":4,"woodworks:oak_chest":5},"minecraft:dropped":{"alexsmobs:maggot":1,"minecraft:player_head":1,"minecraft:cooked_beef":107,"minecraft:cobblestone":576,"byg:tall_allium":1,"enigmaticlegacy:cursed_ring":1,"relics:holy_locket":1,"byg:tall_pink_allium":1,"minecraft:stone_pickaxe":1,"immersive_armors:wooden_helmet":1,"enigmaticlegacy:withered_tome":5},"minecraft:killed":{"minecraft:husk":4,"minecraft:pig":1,"minecraft:spider":2,"enemyexpansion:equestrian":9,"majruszsdifficulty:tank":2,"minecraft:phantom":3,"minecraft:sheep":1,"minecraft:skeleton":6,"minecraft:zombie":10,"undead_unleashed:shadewraith":3,"undead_unleashed:haunter":2,"minecraft:wither_skeleton":1},"minecraft:used":{"cisco_mod:adventurer_leggings":2,"minecraft:stone_pickaxe":284,"cisco_mod:adventurer_chestplate":3,"woodworks:oak_chest":2,"minecraft:torch":5,"minecraft:dirt":10,"simplyswords:diamond_rapier":257,"minecraft:crossbow":1,"farmersdelight:bacon_and_eggs":7,"farmersdelight:ratatouille":16,"cisco_mod:adventurer_helmet":3,"atmospheric:shimmering_passion_fruit":1,"minecraft:wooden_sword":59,"cisco_mod:adventurer_boots":3,"minecraft:cooked_porkchop":1,"alexsmobs:animal_dictionary":1,"minecraft:experience_bottle":7,"minecraft:chainmail_leggings":1},"minecraft:picked_up":{"majruszsaccessories:tool_scraps":1,"minecraft:cooked_beef":107,"simplyswords:diamond_rapier":1,"relics:holy_locket":2,"undead_unleashed:cursed_cloth":1,"byg:tall_pink_allium":4,"minecraft:oak_log":64,"minecraft:wither_skeleton_skull":1,"minecraft:dirt":73,"ringsofascension:ring_fire_resistance":2,"minecraft:item_frame":1,"minecraft:zombie_head":1,"ars_nouveau:green_archwood_sapling":8,"minecraft:bone":21,"atmospheric:shimmering_passion_fruit":8,"minecraft:wheat_seeds":7,"minecraft:spruce_planks":6,"byg:pink_allium_flower_bush":4,"minecraft:iron_ingot":1,"minecraft:stone_pickaxe":1,"minecraft:player_head":1,"minecraft:iron_pickaxe":3,"minecraft:spruce_slab":1,"twigs:twig":10,"minecraft:oak_planks":36,"minecraft:raw_iron":1,"minecraft:tipped_arrow":1,"apotheosis:gem":3,"minecraft:cooked_porkchop":2,"irons_spellbooks:frozen_bone":10,"patchouli:guide_book":1,"minecraft:torch":129,"minecraft:porkchop":2,"undead_unleashed:grave_metal_scrap":6,"sophisticatedbackpacks:iron_backpack":1,"enigmaticlegacy:withered_tome":5,"minecraft:carrot":119,"alexsmobs:animal_dictionary":1,"farmersdelight:bacon_and_eggs":14,"ars_nouveau:green_archwood_log":65,"minecraft:tnt":1,"byg:biomepedia":1,"minecraft:arrow":24,"minecraft:rotten_flesh":20,"ars_nouveau:worn_notebook":1,"byg:tall_allium":3,"minecraft:crossbow":1,"minecraft:iron_block":5,"minecraft:golden_apple":3,"alexsmobs:maggot":1,"supplementaries:ash":3,"minecraft:coal":42,"minecraft:cobblestone":726,"minecraft:white_wool":1,"minecraft:sunflower":1}},"DataVersion":3120}