{"stats":{"minecraft:broken":{"minecraft:stone_pickaxe":2,"minecraft:wooden_sword":1},"minecraft:custom":{"enigmaticlegacy:play_time_with_seven_curses":0,"lootr:looted_stat":2,"minecraft:interact_with_anvil":9,"minecraft:mob_kills":63,"minecraft:interact_with_crafting_table":25,"minecraft:damage_dealt_resisted":0,"minecraft:leave_game":3,"minecraft:time_since_death":210290,"minecraft:climb_one_cm":14,"minecraft:damage_resisted":0,"minecraft:sprint_one_cm":73937,"minecraft:walk_one_cm":1224272,"minecraft:drop":81,"minecraft:talked_to_villager":3,"minecraft:play_time":288140,"minecraft:sneak_time":2999,"minecraft:deaths":23,"minecraft:walk_under_water_one_cm":23914,"minecraft:jump":2038,"minecraft:walk_on_water_one_cm":29121,"minecraft:enchant_item":117,"minecraft:total_world_time":288140,"minecraft:interact_with_furnace":7,"enigmaticlegacy:play_time_without_seven_curses":286921,"minecraft:interact_with_grindstone":69,"minecraft:sleep_in_bed":1,"minecraft:time_since_rest":100300,"minecraft:waystone_activated":1,"minecraft:damage_taken":11332,"minecraft:damage_absorbed":12,"minecraft:damage_dealt":27146,"minecraft:swim_one_cm":3473,"minecraft:fly_one_cm":174515,"minecraft:player_kills":1,"minecraft:open_chest":134,"minecraft:crouch_one_cm":4442,"minecraft:fall_one_cm":17586},"minecraft:killed_by":{"minecraft:wither_skeleton":1,"minecraft:stray":1,"minecraft:creeper":1,"enemyexpansion:equestrian":12,"enemyexpansion:huntsman":1,"minecraft:skeleton":5,"majruszsdifficulty:tank":2},"minecraft:mined":{"minecraft:tuff":113,"minecraft:spruce_planks":6,"minecraft:deepslate_diamond_ore":5,"minecraft:andesite_stairs":7,"minecraft:sea_lantern":1,"minecraft:granite":27,"minecraft:grass_block":14,"minecraft:spawner":1,"forbidden_arcanus:deepslate_arcane_crystal_ore":1,"minecraft:iron_ore":5,"minecraft:cobbled_deepslate":21,"byg:prairie_grass":32,"minecraft:andesite":91,"minecraft:deepslate_lapis_ore":32,"minecraft:deepslate_iron_ore":6,"minecraft:stone":1186,"byg:tall_prairie_grass":36,"minecraft:deepslate_redstone_ore":31,"ars_nouveau:green_archwood_log":125,"galosphere:deepslate_silver_ore":33,"minecraft:cobblestone":1,"minecraft:lapis_ore":23,"minecraft:deepslate_gold_ore":19,"minecraft:diorite":22,"minecraft:wall_torch":2,"forbidden_arcanus:darkstone":124,"iter_rpg:abyss_quartz":1,"minecraft:tnt":1,"minecraft:grass":6,"minecraft:oak_log":64,"minecraft:coal_ore":42,"minecraft:gravel":67,"minecraft:dirt":95,"minecraft:lodestone":1,"twigs:rhyolite":34,"forbidden_arcanus:gilded_darkstone":3,"byg:tall_allium":1,"minecraft:deepslate":2093},"minecraft:crafted":{"ars_nouveau:archwood_planks":4,"minecraft:stone":0,"woodworks:oak_chest":5,"minecraft:andesite_stairs":40},"minecraft:dropped":{"minecraft:cooked_beef":107,"minecraft:cobblestone":915,"xpbook:xp_tome":1,"minecraft:dirt":37,"relics:holy_locket":1,"enigmaticlegacy:withered_tome":5,"minecraft:gravel":28,"alexsmobs:maggot":1,"minecraft:player_head":1,"minecraft:cobbled_deepslate":682,"minecraft:deepslate":151,"minecraft:tuff":96,"byg:tall_allium":1,"enigmaticlegacy:cursed_ring":1,"minecraft:andesite":27,"byg:tall_pink_allium":1,"minecraft:stone_pickaxe":1,"immersive_armors:wooden_helmet":1},"minecraft:killed":{"enemyexpansion:equestrian":9,"minecraft:spider":2,"minecraft:phantom":3,"minecraft:skeleton":6,"minecraft:silverfish":15,"minecraft:drowned":2,"minecraft:husk":4,"minecraft:pig":1,"majruszsdifficulty:tank":2,"minecraft:sheep":1,"minecraft:zombie":15,"undead_unleashed:shadewraith":3,"undead_unleashed:haunter":2,"minecraft:wither_skeleton":1},"minecraft:used":{"cisco_mod:adventurer_leggings":2,"cisco_mod:adventurer_chestplate":3,"woodworks:oak_chest":2,"minecraft:torch":76,"minecraft:dirt":10,"simplyswords:diamond_rapier":305,"minecraft:golden_carrot":4,"minecraft:cobbled_deepslate":93,"minecraft:stone_pickaxe":284,"minecraft:oak_planks":1,"minecraft:crafting_table":1,"minecraft:crossbow":1,"farmersdelight:bacon_and_eggs":12,"farmersdelight:ratatouille":16,"cisco_mod:adventurer_helmet":3,"minecraft:iron_pickaxe":713,"atmospheric:shimmering_passion_fruit":8,"minecraft:deepslate":18,"minecraft:wooden_sword":59,"minecraft:cobblestone":9,"minecraft:grindstone":1,"cisco_mod:adventurer_boots":3,"minecraft:cooked_porkchop":1,"minecraft:andesite_stairs":46,"minecraft:andesite":4,"alexsmobs:animal_dictionary":1,"minecraft:experience_bottle":7,"minecraft:chainmail_leggings":1},"minecraft:picked_up":{"undead_unleashed:cursed_cloth":1,"byg:tall_pink_allium":4,"galosphere:silver_ingot":10,"minecraft:item_frame":1,"ringsofascension:ring_fire_resistance":2,"minecraft:zombie_head":1,"atmospheric:shimmering_passion_fruit":8,"minecraft:gold_nugget":46,"minecraft:cobbled_deepslate":905,"twigs:pebble":29,"minecraft:spruce_planks":6,"byg:pink_allium_flower_bush":4,"minecraft:player_head":1,"minecraft:iron_pickaxe":3,"minecraft:spruce_slab":1,"minecraft:tipped_arrow":1,"forbidden_arcanus:gilded_darkstone":2,"minecraft:raw_iron":1,"apotheosis:gem":6,"minecraft:torch":134,"minecraft:porkchop":2,"minecraft:diorite":22,"enigmaticlegacy:withered_tome":5,"minecraft:carrot":119,"minecraft:redstone":88,"ars_nouveau:green_archwood_log":65,"minecraft:tnt":1,"byg:biomepedia":1,"minecraft:arrow":24,"minecraft:rotten_flesh":21,"majruszsaccessories:lucky_rock":1,"ars_nouveau:worn_notebook":1,"minecraft:iron_block":5,"supplementaries:ash":3,"minecraft:white_wool":1,"minecraft:bone_block":15,"minecraft:cobblestone":1002,"majruszsaccessories:tool_scraps":1,"minecraft:cooked_beef":107,"simplyswords:diamond_rapier":1,"relics:holy_locket":2,"minecraft:andesite":91,"minecraft:flint":5,"minecraft:tuff":113,"minecraft:oak_log":64,"minecraft:wither_skeleton_skull":1,"minecraft:lapis_lazuli":46,"minecraft:dirt":147,"minecraft:bone":21,"ars_nouveau:green_archwood_sapling":8,"minecraft:wheat_seeds":7,"minecraft:rabbit_hide":12,"minecraft:iron_ingot":5,"minecraft:stone_pickaxe":1,"twigs:twig":10,"minecraft:oak_planks":36,"irons_spellbooks:frozen_bone":10,"minecraft:cooked_porkchop":2,"patchouli:guide_book":1,"minecraft:gravel":28,"undead_unleashed:grave_metal_scrap":6,"sophisticatedbackpacks:iron_backpack":1,"alexsmobs:animal_dictionary":1,"farmersdelight:bacon_and_eggs":19,"minecraft:deepslate":11,"xpbook:xp_tome":2,"byg:tall_allium":3,"iter_rpg:abyssquartz_shard":2,"minecraft:crossbow":1,"minecraft:granite":27,"minecraft:golden_apple":7,"alexsmobs:maggot":1,"cisco_mod:brightsteel_ingot":1,"minecraft:coal":42,"minecraft:sunflower":1}},"DataVersion":3120}