{"stats":{"minecraft:broken":{"minecraft:stone_pickaxe":2,"minecraft:wooden_sword":1},"minecraft:custom":{"enigmaticlegacy:play_time_with_seven_curses":0,"lootr:looted_stat":2,"minecraft:interact_with_anvil":2,"minecraft:mob_kills":63,"minecraft:interact_with_crafting_table":15,"minecraft:damage_dealt_resisted":0,"minecraft:leave_game":3,"minecraft:time_since_death":144290,"minecraft:climb_one_cm":14,"minecraft:damage_resisted":0,"minecraft:sprint_one_cm":73937,"minecraft:walk_one_cm":1020231,"minecraft:drop":61,"minecraft:talked_to_villager":3,"minecraft:play_time":222140,"minecraft:sneak_time":2636,"minecraft:deaths":23,"minecraft:walk_under_water_one_cm":20462,"minecraft:jump":1800,"minecraft:walk_on_water_one_cm":21000,"minecraft:enchant_item":10,"minecraft:total_world_time":222140,"minecraft:interact_with_furnace":3,"enigmaticlegacy:play_time_without_seven_curses":220921,"minecraft:sleep_in_bed":1,"minecraft:time_since_rest":34300,"minecraft:waystone_activated":1,"minecraft:damage_taken":11305,"minecraft:damage_absorbed":12,"minecraft:damage_dealt":27146,"minecraft:swim_one_cm":3473,"minecraft:fly_one_cm":170432,"minecraft:player_kills":1,"minecraft:open_chest":104,"minecraft:crouch_one_cm":4403,"minecraft:fall_one_cm":17317},"minecraft:killed_by":{"minecraft:wither_skeleton":1,"minecraft:stray":1,"minecraft:creeper":1,"enemyexpansion:equestrian":12,"enemyexpansion:huntsman":1,"minecraft:skeleton":5,"majruszsdifficulty:tank":2},"minecraft:mined":{"minecraft:tuff":1,"minecraft:spruce_planks":6,"minecraft:andesite_stairs":7,"minecraft:granite":27,"minecraft:grass_block":14,"minecraft:spawner":1,"forbidden_arcanus:deepslate_arcane_crystal_ore":1,"minecraft:iron_ore":1,"minecraft:cobbled_deepslate":6,"byg:prairie_grass":32,"minecraft:andesite":91,"minecraft:deepslate_lapis_ore":18,"minecraft:deepslate_iron_ore":4,"minecraft:stone":1186,"byg:tall_prairie_grass":36,"ars_nouveau:green_archwood_log":125,"galosphere:deepslate_silver_ore":10,"minecraft:cobblestone":1,"minecraft:lapis_ore":21,"minecraft:deepslate_gold_ore":8,"minecraft:diorite":22,"minecraft:wall_torch":1,"iter_rpg:abyss_quartz":1,"minecraft:tnt":1,"minecraft:grass":6,"minecraft:oak_log":64,"minecraft:coal_ore":42,"minecraft:dirt":95,"minecraft:lodestone":1,"byg:tall_allium":1,"minecraft:deepslate":133},"minecraft:crafted":{"ars_nouveau:archwood_planks":4,"woodworks:oak_chest":5,"minecraft:andesite_stairs":40},"minecraft:dropped":{"minecraft:cooked_beef":107,"minecraft:cobblestone":915,"xpbook:xp_tome":1,"minecraft:dirt":37,"relics:holy_locket":1,"enigmaticlegacy:withered_tome":5,"alexsmobs:maggot":1,"minecraft:player_head":1,"byg:tall_allium":1,"enigmaticlegacy:cursed_ring":1,"minecraft:andesite":27,"byg:tall_pink_allium":1,"minecraft:stone_pickaxe":1,"immersive_armors:wooden_helmet":1},"minecraft:killed":{"enemyexpansion:equestrian":9,"minecraft:spider":2,"minecraft:phantom":3,"minecraft:skeleton":6,"minecraft:silverfish":15,"minecraft:drowned":2,"minecraft:husk":4,"minecraft:pig":1,"majruszsdifficulty:tank":2,"minecraft:sheep":1,"minecraft:zombie":15,"undead_unleashed:shadewraith":3,"undead_unleashed:haunter":2,"minecraft:wither_skeleton":1},"minecraft:used":{"cisco_mod:adventurer_leggings":2,"cisco_mod:adventurer_chestplate":3,"woodworks:oak_chest":2,"minecraft:torch":35,"minecraft:dirt":10,"simplyswords:diamond_rapier":294,"minecraft:golden_carrot":1,"minecraft:cobbled_deepslate":43,"minecraft:stone_pickaxe":284,"minecraft:crafting_table":1,"minecraft:crossbow":1,"farmersdelight:bacon_and_eggs":10,"farmersdelight:ratatouille":16,"cisco_mod:adventurer_helmet":3,"minecraft:iron_pickaxe":85,"atmospheric:shimmering_passion_fruit":1,"minecraft:wooden_sword":59,"minecraft:cobblestone":9,"cisco_mod:adventurer_boots":3,"minecraft:cooked_porkchop":1,"minecraft:andesite_stairs":46,"minecraft:andesite":4,"alexsmobs:animal_dictionary":1,"minecraft:experience_bottle":7,"minecraft:chainmail_leggings":1},"minecraft:picked_up":{"undead_unleashed:cursed_cloth":1,"byg:tall_pink_allium":4,"galosphere:silver_ingot":9,"minecraft:item_frame":1,"ringsofascension:ring_fire_resistance":2,"minecraft:zombie_head":1,"atmospheric:shimmering_passion_fruit":8,"minecraft:gold_nugget":46,"minecraft:cobbled_deepslate":130,"minecraft:spruce_planks":6,"byg:pink_allium_flower_bush":4,"minecraft:player_head":1,"minecraft:iron_pickaxe":3,"minecraft:spruce_slab":1,"minecraft:tipped_arrow":1,"minecraft:raw_iron":1,"apotheosis:gem":5,"minecraft:torch":133,"minecraft:porkchop":2,"minecraft:diorite":22,"enigmaticlegacy:withered_tome":5,"minecraft:carrot":119,"ars_nouveau:green_archwood_log":65,"minecraft:tnt":1,"byg:biomepedia":1,"minecraft:arrow":24,"minecraft:rotten_flesh":21,"ars_nouveau:worn_notebook":1,"minecraft:iron_block":5,"supplementaries:ash":3,"minecraft:white_wool":1,"minecraft:bone_block":15,"minecraft:cobblestone":1002,"majruszsaccessories:tool_scraps":1,"minecraft:cooked_beef":107,"simplyswords:diamond_rapier":1,"relics:holy_locket":2,"minecraft:andesite":91,"minecraft:oak_log":64,"minecraft:wither_skeleton_skull":1,"minecraft:lapis_lazuli":14,"minecraft:dirt":110,"minecraft:bone":21,"ars_nouveau:green_archwood_sapling":8,"minecraft:wheat_seeds":7,"minecraft:rabbit_hide":12,"minecraft:iron_ingot":2,"minecraft:stone_pickaxe":1,"twigs:twig":10,"minecraft:oak_planks":36,"irons_spellbooks:frozen_bone":10,"minecraft:cooked_porkchop":2,"patchouli:guide_book":1,"undead_unleashed:grave_metal_scrap":6,"sophisticatedbackpacks:iron_backpack":1,"alexsmobs:animal_dictionary":1,"farmersdelight:bacon_and_eggs":19,"xpbook:xp_tome":2,"byg:tall_allium":3,"iter_rpg:abyssquartz_shard":2,"minecraft:crossbow":1,"minecraft:granite":27,"minecraft:golden_apple":7,"alexsmobs:maggot":1,"cisco_mod:brightsteel_ingot":1,"minecraft:coal":42,"minecraft:sunflower":1}},"DataVersion":3120}